<?xml version="1.0" encoding="UTF-8"?>
<!DOCTYPE mapper PUBLIC "-//mybatis.org//DTD Mapper 3.0//EN" "http://mybatis.org/dtd/mybatis-3-mapper.dtd">
<mapper namespace="cn.daliedu.mapper.CustomerSmsMapper">

    <!-- 通用查询映射结果 -->
    <resultMap id="BaseResultMap" type="cn.daliedu.entity.CustomerSmsEntity">
        <id column="id" property="id" />
        <result column="customer_id" property="customerId" />
        <result column="user_id" property="userId" />
        <result column="content" property="content" />
        <result column="create_date" property="createDate" />
        <result column="create_date_time" property="createDateTime" />
    </resultMap>

    <!-- 通用查询结果列 -->
    <sql id="Base_Column_List">
        id, customer_id, user_id, content, create_date, create_date_time
    </sql>

    <!-- 通用别名查询结果列 -->
    <sql id="Alias_Base_Column_List">
        id as id, customer_id as customerId, user_id as userId, content as content, create_date as createDate, create_date_time as createDateTime
    </sql>

    <!-- 通用别名查询结果列(建议复杂关联查询时，使用) -->
    <sql id="Alias_Param_Base_Column_List">
        ${alias}.id as id, ${alias}.customer_id as customerId, ${alias}.user_id as userId, ${alias}.content as content, ${alias}.create_date as createDate, ${alias}.create_date_time as createDateTime
    </sql>
</mapper>
