<?xml version="1.0" encoding="UTF-8"?>
<!DOCTYPE mapper PUBLIC "-//mybatis.org//DTD Mapper 3.0//EN" "http://mybatis.org/dtd/mybatis-3-mapper.dtd">
<mapper namespace="cn.daliedu.mapper.AreaDataMapper">

    <!-- 通用查询映射结果 -->
    <resultMap id="BaseResultMap" type="cn.daliedu.entity.AreaDataEntity">
        <id column="id" property="id" />
        <result column="city_name" property="cityName" />
        <result column="parent_id" property="parentId" />
        <result column="short_name" property="shortName" />
        <result column="depth" property="depth" />
        <result column="city_code" property="cityCode" />
        <result column="zip_code" property="zipCode" />
        <result column="merger_name" property="mergerName" />
        <result column="longitude" property="longitude" />
        <result column="latitude" property="latitude" />
        <result column="pinyin" property="pinyin" />
        <result column="is_use" property="isUse" />
    </resultMap>

</mapper>
