<?xml version="1.0" encoding="UTF-8"?>
<!DOCTYPE mapper PUBLIC "-//mybatis.org//DTD Mapper 3.0//EN" "http://mybatis.org/dtd/mybatis-3-mapper.dtd">
<mapper namespace="cn.daliedu.mapper.ContractReturnMoneyPlanMapper">

    <!-- 通用查询映射结果 -->
    <resultMap id="BaseResultMap" type="cn.daliedu.entity.ContractReturnMoneyPlanEntity">
        <id column="id" property="id" />
        <result column="user_id" property="userId" />
        <result column="customer_id" property="customerId" />
        <result column="contract_id" property="contractId" />
        <result column="return_money_num" property="returnMoneyNum" />
        <result column="plan_return_money_date" property="planReturnMoneyDate" />
        <result column="plan_return_money" property="planReturnMoney" />
        <result column="already_return_money" property="alreadyReturnMoney" />
        <result column="no_return_money" property="noReturnMoney" />
        <result column="return_money_state" property="returnMoneyState" />
        <result column="create_date" property="createDate" />
        <result column="update_date" property="updateDate" />
        <result column="remark" property="remark" />
    </resultMap>
    
    <resultMap id="defaultMap" type="java.util.LinkedHashMap">
    </resultMap>
    
    
    <update id="updateReturnMoneyStateByScheduleTask">
    	update 
    		crm_contract_return_money_plan 
    	set 
    		return_money_state='2'   
    	where 
    		<![CDATA[ plan_return_money_date<current_date  and return_money_state='0' ]]>
    </update>
    
    <select id="getReturnMoneyNumMax" parameterType="String" resultType="Integer">
   	 	select max(return_money_num) from crm_contract_return_money_plan where contract_id=#{contractId}
	</select>
	
	<select id="getReturnMoneyNumList" resultMap="defaultMap"  parameterType="java.util.Map">
    	select return_money_plan_num 
    		from crm_contract_return_money_plan 
    			where 
    				customer_id=#{customerId} and contract_id=#{contractId}  
    				order by return_money_plan_num asc
	</select>
	
	
	<select id="getContractReturnMoneyPlanList" resultMap="defaultMap"  parameterType="java.util.Map">
    	select a.plan_return_money_date,a.return_money_num,b.title,a.plan_return_money,a.already_return_money,
				a.no_return_money,a.return_money_state,c.user_name as create_user_name
		from 
			crm_contract_return_money_plan as a left join crm_contract as b   on a.contract_id=b.id
			left join sys_user as c on b.create_user_id=c.id
			left join crm_branch_org_customer as d on d.customer_id=b.customer_id
		where 
			d.branch_org_id in (${orgIds})
			<if test="createUserId !=null and createUserId !='null' and createUserId !=''">
				and b.create_user_id=#{createUserId}
			</if>
			<if test="returnMoneyState !=null and returnMoneyState !='null' and returnMoneyState !=''">
				and a.return_money_state=#{returnMoneyState}
			</if>
			<if test="startDateTime !=null and startDateTime !='null' and startDateTime !=''">
				and date_format(a.plan_return_money_date,'%Y-%m-%d') between #{startDateTime} and #{endDateTime}
			</if>
			limit #{startRow}, #{pageSize}
	</select>
	
	<select id="getContractReturnMoneyPlanListCount" resultType="long"  parameterType="java.util.Map">
		select count(*) from (
			select a.plan_return_money_date,a.return_money_num,b.title,a.plan_return_money,a.already_return_money,
				a.no_return_money,a.return_money_state,c.user_name as create_user_name
			from 
				crm_contract_return_money_plan as a left join crm_contract as b   on a.contract_id=b.id
				left join sys_user as c on b.create_user_id=c.id
				left join crm_branch_org_customer as d on d.customer_id=b.customer_id
			where 
				d.branch_org_id in (${orgIds})
				<if test="createUserId !=null and createUserId !='null' and createUserId !=''">
					and b.create_user_id=#{createUserId}
				</if>
				<if test="returnMoneyState !=null and returnMoneyState !='null' and returnMoneyState !=''">
					and a.return_money_state=#{returnMoneyState}
				</if>
				<if test="startDateTime !=null and startDateTime !='null' and startDateTime !=''">
					and date_format(a.plan_return_money_date,'%Y-%m-%d') between #{startDateTime} and #{endDateTime}
				</if>
			)as temp
	</select>
	
	
	
	
	<select id="getContractReturnMoneyPlanByCustomerIdList" resultMap="defaultMap"  parameterType="java.util.Map">
    	select 
    		b.user_name as create_user_name,c.customer_name,a.title,
    		d.id,d.customer_id,d.contract_id,d.return_money_num,d.plan_return_money_date, 
			d.plan_return_money,d.already_return_money,d.no_return_money,d.return_money_state,  
			date_format(d.create_date,'%Y-%m-%d %H:%s:%s') as create_date,        
			date_format(d.update_date,'%Y-%m-%d %H:%s:%s') as update_date, a.remark    
			d.remark  
    	from crm_contract as a, sys_user as b, crm_customer as c, crm_contract_return_money_plan as d
			where 
				a.customer_id=c.id and a.create_user_id=b.id and a.id=d.contract_id 
				and a.customer_id=#{customerId} 
				order by d.update_date desc
			limit #{startRow}, #{pageSize}
	</select>
	
	<select id="getContractReturnMoneyPlanByCustomerIdListCount" resultType="long"  parameterType="java.util.Map">
		select 
    		count(*)
    	from crm_contract as a, sys_user as b, crm_customer as c, crm_contract_return_money_plan as d
			where 
				a.customer_id=c.id and a.create_user_id=b.id and a.id=d.contract_id
				and a.customer_id=#{customerId}
	</select>
    

</mapper>
