<?xml version="1.0" encoding="UTF-8"?>
<!DOCTYPE mapper PUBLIC "-//mybatis.org//DTD Mapper 3.0//EN" "http://mybatis.org/dtd/mybatis-3-mapper.dtd">
<mapper namespace="cn.daliedu.mapper.ContractMapper">

    <!-- 通用查询映射结果 -->
    <resultMap id="BaseResultMap" type="cn.daliedu.entity.ContractEntity">
        <id column="id" property="id" />
        <result column="create_user_id" property="createUserId" />
        <result column="customer_id" property="customerId" />
        <result column="title" property="title" />
        <result column="amount" property="amount" />
        <result column="contract_date" property="contractDate" />
        <result column="graduation_year" property="graduationYear" />
        <result column="profession_type" property="professionType" />
        <result column="company_market_discounts" property="companyMarketDiscounts" />
        <result column="tution_date" property="tutionDate" />
        <result column="contract_state" property="contractState" />
        <result column="create_date" property="createDate" />
        <result column="update_date" property="updateDate" />
        <result column="remark" property="remark" />
    </resultMap>
    
    <resultMap id="defaultMap" type="java.util.LinkedHashMap">
    </resultMap>
    
    <select id="getContractListByUserId" resultMap="defaultMap"  parameterType="java.util.Map">
    	select 
			a.id, a.title, a.amount,  b.customer_name as customerName <!-- 先写这么几个，需要有需要再补充 -->
		from 
			crm_contract as a left join crm_customer as b on a.customer_id=b.id
		where 
			a.create_user_id=#{userId}
			<if test="startDateTime !=null and startDateTime !='null' and startDateTime !=''">
				and date_format(a.contract_date,'%Y-%m-%d') between #{startDateTime} and #{endDateTime}
			</if>
			limit #{startRow}, #{pageSize}
    </select>
    
    <!-- 报表模块，合同管理使用 -->
    <select id="getContractList" resultMap="defaultMap"  parameterType="java.util.Map">
    	select 
    		a.title,b.customer_name,a.amount,a.contract_state,a.contract_date,c.user_name as create_user_name,a.remark
		from
			crm_contract as a left join crm_customer as b on a.customer_id=b.id 
			left join sys_user as c on a.create_user_id=c.id
		where 
			b.branch_org_id in (${orgIds})
			<if test="createUserId !=null and createUserId !='null' and createUserId !=''">
				and a.create_user_id=#{createUserId}
			</if>
			<if test="contractState !=null and contractState !='null' and contractState !=''">
				and a.contract_state=#{contractState}
			</if>
			<if test="startDateTime !=null and startDateTime !='null' and startDateTime !=''">
				and date_format(a.contract_date,'%Y-%m-%d') between #{startDateTime} and #{endDateTime}
			</if>
				order by a.update_date desc		
			limit #{startRow}, #{pageSize}
	</select>
	
	<select id="getContractListCount" resultType="long"  parameterType="java.util.Map">
		select count(*) from (
			select 
	    		a.title,b.customer_name,a.amount,a.contract_state,a.contract_date,c.user_name as create_user_name,a.remark
			from
				crm_contract as a left join crm_customer as b on a.customer_id=b.id 
				left join sys_user as c on a.create_user_id=c.id
			where 
				b.branch_org_id in (${orgIds})
				<if test="createUserId !=null and createUserId !='null' and createUserId !=''">
					and a.create_user_id=#{createUserId}
				</if>
				<if test="contractState !=null and contractState !='null' and contractState !=''">
					and a.contract_state=#{contractState}
				</if>
				<if test="startDateTime !=null and startDateTime !='null' and startDateTime !=''">
					and date_format(a.contract_date,'%Y-%m-%d') between #{startDateTime} and #{endDateTime}
				</if>
		) as temp
	</select>
	
	
	
    
    <select id="getContractListByCustomerId" resultMap="defaultMap"  parameterType="java.util.Map">
    	select 
    		b.user_name as create_user_name,c.customer_name,a.id,a.create_user_id,a.customer_id,a.title,a.amount,
			a.contract_date,a.graduation_year,a.profession_type,a.company_market_discounts,a.tution_date,a.contract_state,
			date_format(a.create_date,'%Y-%m-%d %H:%s:%s') as create_date,        
			date_format(a.update_date,'%Y-%m-%d %H:%s:%s') as update_date, a.remark
    	from crm_contract as a, sys_user as b, crm_customer as c 
			where 
				a.customer_id=c.id and a.create_user_id=b.id  and a.customer_id=#{customerId}
				order by a.update_date desc		
			limit #{startRow}, #{pageSize}
	</select>
	
	<select id="getContractListByCustomerIdCount" resultType="long"  parameterType="java.util.Map">
		select count(*) from crm_contract as a, sys_user as b, crm_customer as c 
			where 
				a.customer_id=c.id and a.create_user_id=b.id  and a.customer_id=#{customerId}
	</select>
	
	
	<select id="getCreateContactCountByUserId" resultType="BigDecimal"  parameterType="java.util.Map">
		select 
			count(*) 
		from 
			crm_contract as a, sys_user as b 
		where 
			a.create_user_id=b.id and a.create_user_id=#{userId} 
			<if test="startDateTime !=null and startDateTime !='null' and startDateTime !=''">
				and date_format(a.create_date,'%Y-%m-%d') between #{startDateTime} and #{endDateTime} 
			</if>
	</select>
	
	<select id="getReturnMoneyByUserId" resultType="BigDecimal"  parameterType="java.util.Map">
		select 
			sum(b.return_money) as return_money
		from 
			crm_contract_return_money_record as b
 		where 
 			b.user_id=#{userId} 
 		<if test="startDateTime !=null and startDateTime !='null' and startDateTime !=''">
			and date_format(b.create_date,'%Y-%m-%d') between #{startDateTime} and #{endDateTime} 
		</if>
	<!-- 此写法有问题，只能统计你创建的合同，客户如果转给你，由你进行的回款，则合同不是你创建的，但回款是你回的，则统计不到
		select 
			sum(b.return_money) as return_money
		from 
			crm_contract as a, crm_contract_return_money_record as b
 		where 
 			a.id=b.contract_id and a.create_user_id=#{userId} 
 		<if test="startDateTime !=null and startDateTime !='null' and startDateTime !=''">
			and date_format(b.create_date,'%Y-%m-%d') between #{startDateTime} and #{endDateTime} 
		</if> -->
	</select>
	
	<select id="getContractAmountCountByBranch" resultMap="defaultMap"  parameterType="java.util.Map">
    	select t.* from (
			select 
				b.id as user_id,b.user_name,sum(a.amount) as amount
			from 
				crm_contract as a, sys_user as b
			where 
				a.create_user_id=b.id and b.id in 
				(select c.user_id from sys_user_org_area as c where c.branch_org_id=#{branchOrgId})
				<if test="startDateTime !=null and startDateTime !='null' and startDateTime !=''">
					and date_format(a.create_date,'%Y-%m-%d') between #{startDateTime} and #{endDateTime} 
				</if>
			 group by b.user_name 
			 ) as t	
		<!--  limit #{startRow}, #{pageSize}  -->
	</select>
	

</mapper>
