<?xml version="1.0" encoding="UTF-8"?>
<!DOCTYPE mapper PUBLIC "-//mybatis.org//DTD Mapper 3.0//EN" "http://mybatis.org/dtd/mybatis-3-mapper.dtd">
<mapper namespace="cn.daliedu.mapper.ContractReturnMoneyRecordMapper">

    <!-- 通用查询映射结果 -->
    <resultMap id="BaseResultMap" type="cn.daliedu.entity.ContractReturnMoneyRecordEntity">
        <id column="id" property="id" />
        <result column="user_id" property="userId" />
        <result column="return_money_date" property="returnMoneyDate" />
        <result column="return_money" property="returnMoney" />
        <result column="customer_id" property="customerId" />
        <result column="contract_id" property="contractId" />
        <result column="return_money_num" property="returnMoneyNum" />
        <result column="pay_type" property="payType" />
        <result column="return_money_type" property="returnMoneyType" />
        <result column="receipt_user_id" property="receiptUserId" />
        <result column="remark" property="remark" />
        <result column="create_date" property="createDate" />
    </resultMap>

</mapper>
