<?xml version="1.0" encoding="UTF-8"?>
<!DOCTYPE mapper PUBLIC "-//mybatis.org//DTD Mapper 3.0//EN" "http://mybatis.org/dtd/mybatis-3-mapper.dtd">
<mapper namespace="cn.daliedu.mapper.CustomerTagGroupMapper">

    <!-- 通用查询映射结果 -->
    <resultMap id="BaseResultMap" type="cn.daliedu.entity.CustomerTagGroupEntity">
        <id column="customer_tag_type_id" property="customerTagTypeId" />
        <result column="branch_org_id" property="branchOrgId" />
        <result column="customer_tag_type_name" property="customerTagTypeName" />
        <result column="remark" property="remark" />
        <result column="order_num" property="orderNum" />
        <result column="create_by" property="createBy" />
        <result column="update_by" property="updateBy" />
        <result column="create_time" property="createTime" />
        <result column="update_time" property="updateTime" />
        <result column="is_init" property="isInit" />
    </resultMap>
	
	<select id="getMaxCustomerTagValueByBranchOrgId" parameterType="String" resultType="Integer">
   	 	select max(order_num) from crm_customer_tag_group where branch_org_id=#{branchOrgId}
	</select>
	
	<select id="getMaxCustomerTagValue"  resultType="Integer">
   	 	select max(order_num) from crm_customer_tag_group where is_init=1
	</select>
</mapper>
