<?xml version="1.0" encoding="UTF-8"?>
<!DOCTYPE mapper PUBLIC "-//mybatis.org//DTD Mapper 3.0//EN" "http://mybatis.org/dtd/mybatis-3-mapper.dtd">
<mapper namespace="cn.daliedu.mapper.CustomerCountMapper">

    <!-- 通用查询映射结果 -->
    <resultMap id="BaseResultMap" type="cn.daliedu.entity.CustomerCountEntity">
        <id column="id" property="id" />
        <result column="data_type" property="dataType" />
        <result column="branch_org_id" property="branchOrgId" />
        <result column="user_id" property="userId" />
        <result column="customer_count" property="customerCount" />
        <result column="create_date" property="createDate" />
    </resultMap>
    
    <resultMap id="defaultMap" type="java.util.LinkedHashMap">
    </resultMap>
    
    <select id="getCustomerCountByScheduled" resultType="int"  parameterType="java.util.Map">
		<if test='dataType !=null and dataType !="null" and dataType !="" and dataType=="1"'>
			select 
				customer_count 
			from 
				crm_customer_count 
			where 
				data_type=#{dataType} and create_date=#{date} and branch_org_id=#{branchOrgId}
		</if>
		<if test='dataType !=null and dataType !="null" and dataType !="" and dataType=="2"'>
			select 
				customer_count 
			from 
				crm_customer_count 
			where 
				data_type=#{dataType} and create_date=#{date} and user_id=#{userId}
		</if>
	</select>

</mapper>
