<?xml version="1.0" encoding="UTF-8"?>
<!DOCTYPE mapper PUBLIC "-//mybatis.org//DTD Mapper 3.0//EN" "http://mybatis.org/dtd/mybatis-3-mapper.dtd">
<mapper namespace="cn.daliedu.mapper.CustomerDynamicLogMapper">

    <!-- 通用查询映射结果 -->
    <resultMap id="BaseResultMap" type="cn.daliedu.entity.CustomerDynamicLogEntity">
        <id column="id" property="id" />
        <result column="customer_id" property="customerId" />
        <result column="dynamic_type" property="dynamicType" />
        <result column="dynamic_type_sub" property="dynamicTypeSub" />
        <result column="dynamic_name" property="dynamicName" />
        <result column="dynamic_content" property="dynamicContent" />
        <result column="create_date" property="createDate" />
        <result column="dynamic_user_id" property="dynamicUserId" />
        <result column="old_value" property="oldValue" />
        <result column="new_value" property="newValue" />
        <result column="detail_id" property="detailId" />
    </resultMap>
    
    <resultMap id="defaultMap" type="java.util.LinkedHashMap">
    </resultMap>
    
    
    <select id="getCustomerDynamicList" resultMap="defaultMap"  parameterType="java.util.Map">
    	select a.id as dynamic_id, b.user_name,a.customer_id,a.dynamic_type,a.dynamic_type_sub,a.dynamic_name,a.dynamic_content,a.dynamic_user_id,
    		a.old_value,a.new_value,a.create_date, a.detail_id
    	from 
    		crm_customer_dynamic_log as a left join sys_user as b on  a.dynamic_user_id=b.id  
    	where 
    		a.customer_id=#{customerId}  order by create_date desc 
			limit #{startRow}, #{pageSize}
	</select>
	
	<select id="getCustomerDynamicListCount" resultType="long"  parameterType="java.util.Map">
		select count(*)
    	from 
    		crm_customer_dynamic_log as a left join sys_user as b on  a.dynamic_user_id=b.id  
    	where 
    		a.customer_id=#{customerId}
	</select>

</mapper>
