<?xml version="1.0" encoding="UTF-8"?>
<!DOCTYPE mapper PUBLIC "-//mybatis.org//DTD Mapper 3.0//EN" "http://mybatis.org/dtd/mybatis-3-mapper.dtd">
<mapper namespace="cn.daliedu.mapper.CustomerSelfDefineItemConfigMapper">

    <!-- 通用查询映射结果 -->
    <resultMap id="BaseResultMap" type="cn.daliedu.entity.CustomerSelfDefineItemConfigEntity">
        <id column="item_id" property="itemId" />
        <result column="branch_org_id" property="branchOrgId" />
        <result column="item_name" property="itemName" />
        <result column="is_init" property="isInit" />
        <result column="order_num" property="orderNum" />
        <result column="is_enabled" property="isEnabled" />
        <result column="element_type" property="elementType" />
    </resultMap>

    <!-- 通用查询结果列 -->
    <sql id="Base_Column_List">
        item_id, branch_org_id, item_name, is_init, order_num, is_enabled, element_type
    </sql>

    <!-- 通用别名查询结果列 -->
    <sql id="Alias_Base_Column_List">
        item_id as itemId, branch_org_id as branchOrgId, item_name as itemName, is_init as isInit, order_num as orderNum, is_enabled as isEnabled, element_type as elementType
    </sql>

    <!-- 通用别名查询结果列(建议复杂关联查询时，使用) -->
    <sql id="Alias_Param_Base_Column_List">
        ${alias}.item_id as itemId, ${alias}.branch_org_id as branchOrgId, ${alias}.item_name as itemName, ${alias}.is_init as isInit, ${alias}.order_num as orderNum, ${alias}.is_enabled as isEnabled, ${alias}.element_type as elementType
    </sql>
    
    <select id="getMaxCustomerSelfDefineItemValueByBranchOrgId" parameterType="String" resultType="Integer">
   	 	select max(order_num) from crm_customer_self_define_item_config where branch_org_id=#{branchOrgId}
	</select>
	
	<select id="getMaxCustomerSelfDefineItemValue" resultType="Integer">
   	 	select max(order_num) from crm_customer_self_define_item_config where is_init=1
	</select>
</mapper>
