<?xml version="1.0" encoding="UTF-8"?>
<!DOCTYPE mapper PUBLIC "-//mybatis.org//DTD Mapper 3.0//EN" "http://mybatis.org/dtd/mybatis-3-mapper.dtd">
<mapper namespace="cn.daliedu.mapper.CustomerTagGroupDetailMapper">

    <!-- 通用查询映射结果 -->
    <resultMap id="BaseResultMap" type="cn.daliedu.entity.CustomerTagGroupDetailEntity">
        <id column="customer_tag_id" property="customerTagId" />
        <result column="customer_tag_type_id" property="customerTagTypeId" />
        <result column="customer_tag_name" property="customerTagName" />
        <!-- <result column="customer_tag_value" property="customerTagValue" /> -->
        <result column="remark" property="remark" />
        <result column="order_num" property="orderNum" />
        <result column="create_by" property="createBy" />
        <result column="update_by" property="updateBy" />
        <result column="create_time" property="createTime" />
        <result column="update_time" property="updateTime" />
    </resultMap>
    
    <select id="getMaxCustomerTagDetailValueByCustomerTagTypeId" parameterType="Integer" resultType="Integer">
   	 	select max(order_num) from crm_customer_tag_group_detail where customer_tag_type_id=#{customerTagTypeId}
	</select>
    

</mapper>
