<?xml version="1.0" encoding="UTF-8"?>
<!DOCTYPE mapper PUBLIC "-//mybatis.org//DTD Mapper 3.0//EN" "http://mybatis.org/dtd/mybatis-3-mapper.dtd">
<mapper namespace="cn.daliedu.mapper.CustomerSelfDefineItemMapper">

    <!-- 通用查询映射结果 -->
    <resultMap id="BaseResultMap" type="cn.daliedu.entity.CustomerSelfDefineItemEntity">
        <id column="id" property="id" />
        <result column="customer_id" property="customerId" />
        <result column="item_id" property="itemId" />
        <result column="item_detail_id" property="itemDetailId" />
    </resultMap>

    <!-- 通用查询结果列 -->
    <sql id="Base_Column_List">
        id, customer_id, item_id, item_detail_id
    </sql>

    <!-- 通用别名查询结果列 -->
    <sql id="Alias_Base_Column_List">
        id as id, customer_id as customerId, item_id as itemId, item_detail_id as itemDetailId
    </sql>

    <!-- 通用别名查询结果列(建议复杂关联查询时，使用) -->
    <sql id="Alias_Param_Base_Column_List">
        ${alias}.id as id, ${alias}.customer_id as customerId, ${alias}.item_id as itemId, ${alias}.item_detail_id as itemDetailId
    </sql>
</mapper>
