<?xml version="1.0" encoding="UTF-8"?>
<!DOCTYPE mapper PUBLIC "-//mybatis.org//DTD Mapper 3.0//EN" "http://mybatis.org/dtd/mybatis-3-mapper.dtd">
<mapper namespace="cn.daliedu.mapper.CustomerFlowOperationConfigMapper">

    <!-- 通用查询映射结果 -->
    <resultMap id="BaseResultMap" type="cn.daliedu.entity.CustomerFlowOperationConfigEntity">
        <id column="id" property="id" />
        <result column="operation_type" property="operationType" />
        <result column="operation_cause_id" property="operationCauseId" />
        <result column="operation_cause" property="operationCause" />
    </resultMap>
    
    <resultMap id="defaultMap" type="java.util.LinkedHashMap">
    </resultMap>
    
    
    <update id="deleteAllData">
    	delete from crm_customer_flow_operation_config
    </update>
    
    <select id="getAllCustomerFlowOperation" resultMap="defaultMap">
   		 select 
   		 	a.id,GROUP_CONCAT(a.operation_type) as operationType, a.operation_cause_id as operationCauseId, 
   		 	a.operation_cause as operationCause 
   		 from crm_customer_flow_operation_config as a GROUP BY a.operation_cause
    </select>
    
    

</mapper>
