<?xml version="1.0" encoding="UTF-8"?>
<!DOCTYPE mapper PUBLIC "-//mybatis.org//DTD Mapper 3.0//EN" "http://mybatis.org/dtd/mybatis-3-mapper.dtd">
<mapper namespace="cn.daliedu.mapper.CustomerTagMapper">

    <!-- 通用查询映射结果 -->
    <resultMap id="BaseResultMap" type="cn.daliedu.entity.CustomerTagEntity">
        <id column="id" property="id" />
        <result column="customer_id" property="customerId" />
        <result column="customer_tag_type_id" property="customerTagTypeId" />
        <result column="customer_tag_id" property="customerTagId" />
        <result column="customer_tag_value" property="customerTagValue" />
        <result column="create_date" property="createDate" />
    </resultMap>
    
    
    <resultMap id="defaultMap" type="java.util.LinkedHashMap">
    </resultMap>
    
    <select id="getCustomerTagListByCustomerId" resultMap="defaultMap"  parameterType="String">
    	select b.customer_tag_name as customerTagName,a.id,a.customer_id as customerId,
				a.customer_tag_type_id as customerTagTypeId, a.customer_tag_id as customerTagId, a.customer_tag_value as customerTagValue
    		from crm_customer_tag as a, crm_customer_tag_group_detail as b 
				where a.customer_tag_type_id=b.customer_tag_type_id and a.customer_tag_id=b.customer_tag_id
						and a.customer_id=#{customerId}
	</select>

</mapper>
