<?xml version="1.0" encoding="UTF-8"?>
<!DOCTYPE mapper PUBLIC "-//mybatis.org//DTD Mapper 3.0//EN" "http://mybatis.org/dtd/mybatis-3-mapper.dtd">
<mapper namespace="cn.daliedu.mapper.CustomerMapper">

    <!-- 通用查询映射结果 -->
    <resultMap id="BaseResultMap" type="cn.daliedu.entity.CustomerEntity">
        <id column="id" property="id" />
        <result column="branch_org_id" property="branchOrgId" />
        <result column="department_id" property="departmentId" />
        <result column="customer_name" property="customerName" />
        <result column="sex" property="sex" />
        <result column="customer_source_type" property="customerSourceType" />
        <result column="customer_source_name_value" property="customerSourceNameValue" />
        <result column="customer_group_type_id" property="customerGroupTypeId" />
        <result column="customer_stage" property="customerStage" />
        <result column="customer_quality" property="customerQuality" />
        <result column="customer_intention_level" property="customerIntentionLevel" />
        <result column="customer_intention_content" property="customerIntentionContent" />
        <result column="weixin_id" property="weixinId" />
        <result column="qq" property="qq" />
        <result column="mobile" property="mobile" />
        <result column="phone" property="phone" />
        <result column="email" property="email" />
        <result column="create_time" property="createTime" />
        <result column="update_time" property="updateTime" />
        <result column="province_id" property="provinceId" />
        <result column="province_name" property="provinceName" />
        <result column="city_id" property="cityId" />
        <result column="city_name" property="cityName" />
        <result column="area_id" property="areaId" />
        <result column="area_name" property="areaName" />
        <result column="company_name" property="companyName" />
        <result column="address" property="address" />
        <result column="job_age" property="jobAge" />
        <result column="education" property="education" />
        <result column="professional" property="professional" />
        <result column="customer_activity_page" property="customerActivityPage" />
        <result column="customer_activity_type_page" property="customerActivityTypePage" />
        <result column="create_user_id" property="createUserId" />
        <result column="follow_user_id" property="followUserId" />
        <result column="delete_user_id" property="deleteUserId" />
        <result column="promotion_user_id" property="promotionUserId" />
        <result column="delete_date_time" property="deleteDateTime" />
        <result column="sea_type" property="seaType" />
        <result column="state" property="state" />
        <result column="remark2" property="remark2" />
        <result column="remark" property="remark" />
        <result column="delete_cause_id" property="deleteCauseId" />
        <result column="delete_cause" property="deleteCause" />
        <result column="transfer_cause_id" property="transferCauseId" />
        <result column="transfer_cause" property="transferCause" />
        <result column="waive_cause_id" property="waiveCauseId" />
        <result column="waive_cause" property="waiveCause" />
        <result column="recent_dynamic_date_time" property="recentDynamicDateTime" />
        <result column="recent_dynamic_content" property="recentDynamicContent" />
        <result column="import_type" property="importType" />
        <result column="import_batch_no" property="importBatchNo" />
        <result column="photo_url" property="photoUrl" />
    </resultMap>
    
    <resultMap id="defaultMap" type="java.util.LinkedHashMap">
    </resultMap>
    
    
    
    <select id="getCustomerListByAgentImportMobile" resultMap="BaseResultMap"  parameterType="java.util.Map">
    	select 
    		a.* 
    	from 
    		crm_customer as a, crm_user_customer as b 
    	where 
    		a.id=b.customer_id and a.mobile=#{mobile} and b.user_id=#{userId}  and a.branch_org_id='' and a.state=''
    </select>
    
    <update id="updateCustomerSeaTypeByUserIds"   parameterType="String">
    	update 
    		crm_customer 
    	set 
    		state='1' 
    	where 
    		id in (
			select * from (
				select a.id from crm_customer as a, crm_user_customer as b
				where a.id=b.customer_id and b.user_id in (${userIds})
			) as t
		)
    </update>
    
    <select id="getBranchCustomerByMobile" resultMap="defaultMap"  parameterType="java.util.Map">
    	select 
    		a.* 
    	from 
    		crm_customer as a
		where 
			and a.branch_org_id=#{branchOrgId} and a.mobile=#{mobile}
    </select>
    
    <select id="getCustomerList" resultMap="defaultMap"  parameterType="java.util.Map">
    	<choose>
        	<when test="customerTagIdList !=null and customerTagIdList !='null' and customerTagIdList !=''">
                select  b.*
                 from 
                 	crm_user_customer as a, crm_customer as b, crm_customer_tag as c
				 where 
						a.customer_id=b.id  and  b.id=c.customer_id  and b.sea_type='' and b.state=''
							and a.user_id=#{userId}   and c.customer_tag_id in (${customerTagIdList})
				<if test="myCustomerType !=null and myCustomerType !='null' and myCustomerType !=''">
					and a.my_customer_type=#{myCustomerType}
				</if>
				<if test="customerGroupTypeId !=null and customerGroupTypeId !='null' and customerGroupTypeId !=''">
					and b.customer_group_type_id=#{customerGroupTypeId}
				</if>
				<if test="branchOrgId !=null and branchOrgId !='null' and branchOrgId !=''">
					and b.branch_org_id=#{branchOrgId}
				</if>
				<if test="departmentId !=null and departmentId !='null' and departmentId !=''">
					and b.department_id=#{departmentId}
				</if>
				<if test="customerStage !=null and customerStage !='null' and customerStage !=''">
					and b.customer_stage=#{customerStage}
				</if>
				<if test="updateStartDate !=null and updateStartDate !='null' and updateStartDate !=''">
					and date_format(b.update_time,'%Y-%m-%d') between #{updateStartDate} and #{updateEndDate}
				</if>
				<if test="customerIntentionContent !=null and customerIntentionContent !='null' and customerIntentionContent !=''">
					and b.customer_intention_content=#{customerIntentionContent}
				</if>
				<if test="createStartDate !=null and createStartDate !='null' and createStartDate !=''">
					and date_format(b.create_time,'%Y-%m-%d') between #{createStartDate} and #{createEndDate}
				</if>
            </when>
            <otherwise>
            	select  b.*
            	 from 
            	 	crm_user_customer as a, crm_customer as b
				 where 
						a.customer_id=b.id	
							 and a.user_id=#{userId}  and b.sea_type='' and b.state=''
				<if test="myCustomerType !=null and myCustomerType !='null' and myCustomerType !=''">
					and a.my_customer_type=#{myCustomerType}
				</if>
				<if test="customerGroupTypeId !=null and customerGroupTypeId !='null' and customerGroupTypeId !=''">
					and b.customer_group_type_id=#{customerGroupTypeId}
				</if>
				<if test="branchOrgId !=null and branchOrgId !='null' and branchOrgId !=''">
					and b.branch_org_id=#{branchOrgId}
				</if>
				<if test="departmentId !=null and departmentId !='null' and departmentId !=''">
					and b.department_id=#{departmentId}
				</if>
				<if test="customerStage !=null and customerStage !='null' and customerStage !=''">
					and b.customer_stage=#{customerStage}
				</if>
				<if test="updateStartDate !=null and updateStartDate !='null' and updateStartDate !=''">
					and date_format(b.update_time,'%Y-%m-%d') between #{updateStartDate} and #{updateEndDate}
				</if>
				<if test="customerIntentionContent !=null and customerIntentionContent !='null' and customerIntentionContent !=''">
					and b.customer_intention_content=#{customerIntentionContent}
				</if>
				<if test="createStartDate !=null and createStartDate !='null' and createStartDate !=''">
					and date_format(b.create_time,'%Y-%m-%d') between #{createStartDate} and #{createEndDate}
				</if>
            </otherwise>
        </choose>
        	order by b.update_time desc
			limit #{startRow}, #{pageSize}
	</select>
	
	<select id="getCustomerListCount" resultType="long"  parameterType="java.util.Map">
		<choose>
        	<when test="customerTagIdList !=null and customerTagIdList !='null' and customerTagIdList !=''">
				select count(*) from crm_user_customer as a, crm_customer as b,  crm_customer_tag as c
					where 
						a.customer_id=b.id  and  b.id=c.customer_id    and b.sea_type='' and b.state=''
							and a.user_id=#{userId}   and c.customer_tag_id in (${customerTagIdList}) 
				<if test="myCustomerType !=null and myCustomerType !='null' and myCustomerType !=''">
					and a.my_customer_type=#{myCustomerType}
				</if>
				<if test="customerGroupTypeId !=null and customerGroupTypeId !='null' and customerGroupTypeId !=''">
					and b.customer_group_type_id=#{customerGroupTypeId}
				</if>
				<if test="branchOrgId !=null and branchOrgId !='null' and branchOrgId !=''">
					and b.branch_org_id=#{branchOrgId}
				</if>
				<if test="departmentId !=null and departmentId !='null' and departmentId !=''">
					and b.department_id=#{departmentId}
				</if>
				<if test="customerStage !=null and customerStage !='null' and customerStage !=''">
					and b.customer_stage=#{customerStage}
				</if>
				<if test="updateStartDate !=null and updateStartDate !='null' and updateStartDate !=''">
					and date_format(b.update_time,'%Y-%m-%d') between #{updateStartDate} and #{updateEndDate}
				</if>
				<if test="customerIntentionContent !=null and customerIntentionContent !='null' and customerIntentionContent !=''">
					and b.customer_intention_content=#{customerIntentionContent}
				</if>
				<if test="createStartDate !=null and createStartDate !='null' and createStartDate !=''">
					and date_format(b.create_time,'%Y-%m-%d') between #{createStartDate} and #{createEndDate}
				</if>
			</when>
			<otherwise>
            	select count(*) from crm_user_customer as a, crm_customer as b
					where 
						a.customer_id=b.id	
							 and a.user_id=#{userId}  and b.sea_type='' and b.state=''
				<if test="myCustomerType !=null and myCustomerType !='null' and myCustomerType !=''">
					and a.my_customer_type=#{myCustomerType}
				</if>
				<if test="customerGroupTypeId !=null and customerGroupTypeId !='null' and customerGroupTypeId !=''">
					and b.customer_group_type_id=#{customerGroupTypeId}
				</if>
				<if test="branchOrgId !=null and branchOrgId !='null' and branchOrgId !=''">
					and b.branch_org_id=#{branchOrgId}
				</if>
				<if test="departmentId !=null and departmentId !='null' and departmentId !=''">
					and b.department_id=#{departmentId}
				</if>
				<if test="customerStage !=null and customerStage !='null' and customerStage !=''">
					and b.customer_stage=#{customerStage}
				</if>
				<if test="updateStartDate !=null and updateStartDate !='null' and updateStartDate !=''">
					and date_format(b.update_time,'%Y-%m-%d') between #{updateStartDate} and #{updateEndDate}
				</if>
				<if test="customerIntentionContent !=null and customerIntentionContent !='null' and customerIntentionContent !=''">
					and b.customer_intention_content=#{customerIntentionContent}
				</if>
				<if test="createStartDate !=null and createStartDate !='null' and createStartDate !=''">
					and date_format(b.create_time,'%Y-%m-%d') between #{createStartDate} and #{createEndDate}
				</if>
            </otherwise>
		</choose>
	</select>
	
	
	
	<select id="getCustomerListByAgentsSearch" resultMap="defaultMap"  parameterType="java.util.Map">
    	<choose>
        	<when test="customerTagIdList !=null and customerTagIdList !='null' and customerTagIdList !=''">
                select  b.*
                 from 
                 	crm_user_customer as a, crm_customer as b, crm_customer_tag as c
				 where 
						a.customer_id=b.id  and  b.id=c.customer_id    and b.sea_type='' and b.state=''
							and a.user_id=#{userId}   and c.customer_tag_id in (${customerTagIdList})
				<if test="customerStage !=null and customerStage !='null' and customerStage !=''">
					and b.customer_stage=#{customerStage}
				</if>
				<if test="updateStartDate !=null and updateStartDate !='null' and updateStartDate !=''">
					and date_format(b.update_time,'%Y-%m-%d') between #{updateStartDate} and #{updateEndDate}
				</if>
            </when>
            <otherwise>
            	select  b.*
            	 from 
            	 	crm_user_customer as a, crm_customer as b
				 where 
						a.customer_id=b.id	
						and a.user_id=#{userId}  and b.sea_type='' and b.state=''
				<if test="customerStage !=null and customerStage !='null' and customerStage !=''">
					and b.customer_stage=#{customerStage}
				</if>
				<if test="updateStartDate !=null and updateStartDate !='null' and updateStartDate !=''">
					and date_format(b.update_time,'%Y-%m-%d') between #{updateStartDate} and #{updateEndDate}
				</if>
            </otherwise>
        </choose>
        	order by b.update_time desc
			limit #{startRow}, #{pageSize}
	</select>
	
	<select id="getCustomerListByAgentsSearchCount" resultType="long"  parameterType="java.util.Map">
		<choose>
        	<when test="customerTagIdList !=null and customerTagIdList !='null' and customerTagIdList !=''">
				select count(*) from crm_user_customer as a, crm_customer as b,  crm_customer_tag as c
					where 
						a.customer_id=b.id  and  b.id=c.customer_id    and b.sea_type='' and b.state=''
							and a.user_id=#{userId}   and c.customer_tag_id in (${customerTagIdList})
				<if test="customerStage !=null and customerStage !='null' and customerStage !=''">
					and b.customer_stage=#{customerStage}
				</if>
				<if test="updateStartDate !=null and updateStartDate !='null' and updateStartDate !=''">
					and date_format(b.update_time,'%Y-%m-%d') between #{updateStartDate} and #{updateEndDate}
				</if>
			</when>
			<otherwise>
            	select count(*) from crm_user_customer as a, crm_customer as b
					where 
						a.customer_id=b.id	
							 and a.user_id=#{userId} and b.sea_type='' and b.state=''
				<if test="customerStage !=null and customerStage !='null' and customerStage !=''">
					and b.customer_stage=#{customerStage}
				</if>
				<if test="updateStartDate !=null and updateStartDate !='null' and updateStartDate !=''">
					and date_format(b.update_time,'%Y-%m-%d') between #{updateStartDate} and #{updateEndDate}
				</if>
            </otherwise>
		</choose>
	</select>
	
	
	
	<select id="findCustomerRecycledList" resultMap="defaultMap"  parameterType="java.util.Map">
		select  b.user_name as delete_user_name,a.*
		 from 
		 	crm_customer as a, sys_user as b 
		 where 
		 	a.delete_user_id=b.id  and  a.state='1'  and  a.branch_org_id=#{branchOrgId}
			<if test="followUserId !=null and followUserId !='null' and followUserId !=''">
		 		and a.follow_user_id=#{followUserId}
		 	</if>
		 	<if test="deleteUserId !=null and deleteUserId !='null' and deleteUserId !=''">
		 		and a.delete_user_id=#{deleteUserId}
		 	</if>
		 	<if test="customerName !=null and customerName !='null' and customerName !=''">
		 		and a.customer_name=#{customerName}
		 	</if>
		 	<if test="startDateTime !=null and startDateTime !='null' and startDateTime !=''">
				and date_format(a.delete_date_time,'%Y-%m-%d') between #{startDateTime} and #{endDateTime}
			</if>
			order by delete_date_time desc  
			limit #{startRow}, #{pageSize}
	</select>

	<select id="findCustomerRecycledListCount" resultType="long"  parameterType="java.util.Map">
		select count(*) from(
			select  
	                	a.*
			from 
			 	crm_customer as a, sys_user as b 
			where 
			 	a.delete_user_id=b.id  and  a.state='1' and a.branch_org_id=#{branchOrgId}
			 	<if test="followUserId !=null and followUserId !='null' and followUserId !=''">
			 		and a.follow_user_id=#{followUserId}
			 	</if>
			 	<if test="deleteUserId !=null and deleteUserId !='null' and deleteUserId !=''">
			 		and a.delete_user_id=#{deleteUserId}
			 	</if>
			 	<if test="customerName !=null and customerName !='null' and customerName !=''">
			 		and a.customer_name=#{customerName}
			 	</if>
			 	<if test="startDateTime !=null and startDateTime !='null' and startDateTime !=''">
					and date_format(a.delete_date_time,'%Y-%m-%d') between #{startDateTime} and #{endDateTime}
				</if>
			) as temp
	</select>
	
	
	<select id="getCustomerListByBusinessGroupSea" resultMap="defaultMap"  parameterType="java.util.Map">
    	<choose>
        	<when test="customerTagIdList !=null and customerTagIdList !='null' and customerTagIdList !=''">
        		<if test='followType !=null and followType !="null" and followType !="" and followType=="1"'>
        			select c.*
					from 
						crm_customer as c, crm_customer_tag as d, sys_user as e
					where 
						c.id=d.customer_id and c.follow_user_id=e.id
						and d.customer_tag_id in (${customerTagIdList}) 
						and e.state in ('0','1','2')  and c.state='1'
					<if test="customerStage !=null and customerStage !='null' and customerStage !=''">
						and c.customer_stage=#{customerStage}
					</if>
					<if test="branchOrgId !=null and branchOrgId !='null' and branchOrgId !=''">
						and c.branch_org_id=#{branchOrgId}
					</if>
					<if test="waiveCauseId !=null and waiveCauseId !='null' and waiveCauseId !=''">
						and c.waive_cause_id=#{waiveCauseId}
					</if>
					<if test="updateStartDate !=null and updateStartDate !='null' and updateStartDate !=''">
						and date_format(c.update_time,'%Y-%m-%d') between #{updateStartDate} and #{updateEndDate}
					</if>
					<if test="customerIntentionContent !=null and customerIntentionContent !='null' and customerIntentionContent !=''">
						and c.customer_intention_content=#{customerIntentionContent}
					</if>
				</if>
				
				<if test='followType !=null and followType !="null" and followType !="" and followType=="2"'>
        			select c.*
					from 
						crm_customer as c, crm_customer_tag as d, sys_user as e
					where 
						c.id=d.customer_id and c.follow_user_id=e.id
						and d.customer_tag_id in (${customerTagIdList}) 
						and e.state='1'  and c.state='1'
					<if test="customerStage !=null and customerStage !='null' and customerStage !=''">
						and c.customer_stage=#{customerStage}
					</if>
					<if test="branchOrgId !=null and branchOrgId !='null' and branchOrgId !=''">
						and c.branch_org_id=#{branchOrgId}
					</if>
					<if test="waiveCauseId !=null and waiveCauseId !='null' and waiveCauseId !=''">
						and c.waive_cause_id=#{waiveCauseId}
					</if>
					<if test="updateStartDate !=null and updateStartDate !='null' and updateStartDate !=''">
						and date_format(c.update_time,'%Y-%m-%d') between #{updateStartDate} and #{updateEndDate}
					</if>
					<if test="customerIntentionContent !=null and customerIntentionContent !='null' and customerIntentionContent !=''">
						and c.customer_intention_content=#{customerIntentionContent}
					</if>
				</if>
				
				<if test='followType !=null and followType !="null" and followType !="" and followType=="3"'>
        			select c.*
					from 
						crm_customer as c, crm_customer_tag as d, sys_user as e
					where 
						c.id=d.customer_id and c.follow_user_id=e.id
						and d.customer_tag_id in (${customerTagIdList}) 
						and e.state='2'   and c.state='1'
					<if test="customerStage !=null and customerStage !='null' and customerStage !=''">
						and c.customer_stage=#{customerStage}
					</if>
					<if test="branchOrgId !=null and branchOrgId !='null' and branchOrgId !=''">
						and c.branch_org_id=#{branchOrgId}
					</if>
					<if test="waiveCauseId !=null and waiveCauseId !='null' and waiveCauseId !=''">
						and c.waive_cause_id=#{waiveCauseId}
					</if>
					<if test="updateStartDate !=null and updateStartDate !='null' and updateStartDate !=''">
						and date_format(c.update_time,'%Y-%m-%d') between #{updateStartDate} and #{updateEndDate}
					</if>
					<if test="customerIntentionContent !=null and customerIntentionContent !='null' and customerIntentionContent !=''">
						and c.customer_intention_content=#{customerIntentionContent}
					</if>
				</if>
				
				<if test='followType !=null and followType !="null" and followType !="" and followType=="4"'>
        			select c.*
					from 
						crm_customer as c, crm_customer_tag as d
					where 
						c.id=d.customer_id 
						and d.customer_tag_id in (${customerTagIdList}) 
						and c.follow_user_id=''  and c.state='1'
					<if test="customerStage !=null and customerStage !='null' and customerStage !=''">
						and c.customer_stage=#{customerStage}
					</if>
					<if test="branchOrgId !=null and branchOrgId !='null' and branchOrgId !=''">
						and c.branch_org_id=#{branchOrgId}
					</if>
					<if test="waiveCauseId !=null and waiveCauseId !='null' and waiveCauseId !=''">
						and c.waive_cause_id=#{waiveCauseId}
					</if>
					<if test="updateStartDate !=null and updateStartDate !='null' and updateStartDate !=''">
						and date_format(c.update_time,'%Y-%m-%d') between #{updateStartDate} and #{updateEndDate}
					</if>
					<if test="customerIntentionContent !=null and customerIntentionContent !='null' and customerIntentionContent !=''">
						and c.customer_intention_content=#{customerIntentionContent}
					</if>
				</if>
            </when>
            <otherwise>
            	<if test='followType !=null and followType !="null" and followType !="" and followType=="1"'>
        			select c.*
				    from 
				    	crm_customer as c,  sys_user as e
					where 
						c.follow_user_id=e.id
						and e.state in ('0','1','2')   and c.state='1'
					<if test="customerStage !=null and customerStage !='null' and customerStage !=''">
						and c.customer_stage=#{customerStage}
					</if>
					<if test="branchOrgId !=null and branchOrgId !='null' and branchOrgId !=''">
						and c.branch_org_id=#{branchOrgId}
					</if>
					<if test="waiveCauseId !=null and waiveCauseId !='null' and waiveCauseId !=''">
						and c.waive_cause_id=#{waiveCauseId}
					</if>
					<if test="updateStartDate !=null and updateStartDate !='null' and updateStartDate !=''">
						and date_format(c.update_time,'%Y-%m-%d') between #{updateStartDate} and #{updateEndDate}
					</if>
					<if test="customerIntentionContent !=null and customerIntentionContent !='null' and customerIntentionContent !=''">
						and c.customer_intention_content=#{customerIntentionContent}
					</if>
				</if>
				
				<if test='followType !=null and followType !="null" and followType !="" and followType=="2"'>
        			select c.*
				    from 
				    	crm_customer as c,  sys_user as e
					where 
						c.follow_user_id=e.id
						and e.state='1'   and c.state='1'
					<if test="customerStage !=null and customerStage !='null' and customerStage !=''">
						and c.customer_stage=#{customerStage}
					</if>
					<if test="branchOrgId !=null and branchOrgId !='null' and branchOrgId !=''">
						and c.branch_org_id=#{branchOrgId}
					</if>
					<if test="waiveCauseId !=null and waiveCauseId !='null' and waiveCauseId !=''">
						and c.waive_cause_id=#{waiveCauseId}
					</if>
					<if test="updateStartDate !=null and updateStartDate !='null' and updateStartDate !=''">
						and date_format(c.update_time,'%Y-%m-%d') between #{updateStartDate} and #{updateEndDate}
					</if>
					<if test="customerIntentionContent !=null and customerIntentionContent !='null' and customerIntentionContent !=''">
						and c.customer_intention_content=#{customerIntentionContent}
					</if>
				</if>
				
				<if test='followType !=null and followType !="null" and followType !="" and followType=="3"'>
        			select c.*
				    from 
				    	crm_customer as c,  sys_user as e
					where 
						c.follow_user_id=e.id
						and e.state='2'   and c.state='1'
					<if test="customerStage !=null and customerStage !='null' and customerStage !=''">
						and c.customer_stage=#{customerStage}
					</if>
					<if test="branchOrgId !=null and branchOrgId !='null' and branchOrgId !=''">
						and c.branch_org_id=#{branchOrgId}
					</if>
					<if test="waiveCauseId !=null and waiveCauseId !='null' and waiveCauseId !=''">
						and c.waive_cause_id=#{waiveCauseId}
					</if>
					<if test="updateStartDate !=null and updateStartDate !='null' and updateStartDate !=''">
						and date_format(c.update_time,'%Y-%m-%d') between #{updateStartDate} and #{updateEndDate}
					</if>
					<if test="customerIntentionContent !=null and customerIntentionContent !='null' and customerIntentionContent !=''">
						and c.customer_intention_content=#{customerIntentionContent}
					</if>
				</if>
				
				<if test='followType !=null and followType !="null" and followType !="" and followType=="4"'>
        			select c.*
				    from 
				    	crm_customer as c
					where 
						 c.follow_user_id=''  and c.state='1'
					<if test="customerStage !=null and customerStage !='null' and customerStage !=''">
						and c.customer_stage=#{customerStage}
					</if>
					<if test="branchOrgId !=null and branchOrgId !='null' and branchOrgId !=''">
						and c.branch_org_id=#{branchOrgId}
					</if>
					<if test="waiveCauseId !=null and waiveCauseId !='null' and waiveCauseId !=''">
						and c.waive_cause_id=#{waiveCauseId}
					</if>
					<if test="updateStartDate !=null and updateStartDate !='null' and updateStartDate !=''">
						and date_format(c.update_time,'%Y-%m-%d') between #{updateStartDate} and #{updateEndDate}
					</if>
					<if test="customerIntentionContent !=null and customerIntentionContent !='null' and customerIntentionContent !=''">
						and c.customer_intention_content=#{customerIntentionContent}
					</if>
				</if>
            </otherwise>
        </choose>
        	order by c.update_time desc
			limit #{startRow}, #{pageSize}
	</select>
	
	
	
	
	<select id="getCustomerListByBusinessGroupSeaCount" resultType="long"  parameterType="java.util.Map">
    	<choose>
        	<when test="customerTagIdList !=null and customerTagIdList !='null' and customerTagIdList !=''">
        		select count(*) from(
        		<if test='followType !=null and followType !="null" and followType !="" and followType=="1"'>
        			select c.* from crm_customer as c, crm_customer_tag as d, sys_user as e
					where 
						c.id=d.customer_id and c.follow_user_id=e.id
						and d.customer_tag_id in (${customerTagIdList}) 
						and e.state in ('0','1','2')   and c.state='1'
					<if test="customerStage !=null and customerStage !='null' and customerStage !=''">
						and c.customer_stage=#{customerStage}
					</if>
					<if test="branchOrgId !=null and branchOrgId !='null' and branchOrgId !=''">
						and c.branch_org_id=#{branchOrgId}
					</if>
					<if test="waiveCauseId !=null and waiveCauseId !='null' and waiveCauseId !=''">
						and c.waive_cause_id=#{waiveCauseId}
					</if>
					<if test="updateStartDate !=null and updateStartDate !='null' and updateStartDate !=''">
						and date_format(c.update_time,'%Y-%m-%d') between #{updateStartDate} and #{updateEndDate}
					</if>
					<if test="customerIntentionContent !=null and customerIntentionContent !='null' and customerIntentionContent !=''">
						and c.customer_intention_content=#{customerIntentionContent}
					</if>
				</if>
				
				<if test='followType !=null and followType !="null" and followType !="" and followType=="2"'>
        			select c.* from crm_customer as c, crm_customer_tag as d, sys_user as e
					where 
						c.id=d.customer_id and c.follow_user_id=e.id
						and d.customer_tag_id in (${customerTagIdList}) 
						and e.state='1'   and c.state='1'
					<if test="customerStage !=null and customerStage !='null' and customerStage !=''">
						and c.customer_stage=#{customerStage}
					</if>
					<if test="branchOrgId !=null and branchOrgId !='null' and branchOrgId !=''">
						and c.branch_org_id=#{branchOrgId}
					</if>
					<if test="waiveCauseId !=null and waiveCauseId !='null' and waiveCauseId !=''">
						and c.waive_cause_id=#{waiveCauseId}
					</if>
					<if test="updateStartDate !=null and updateStartDate !='null' and updateStartDate !=''">
						and date_format(c.update_time,'%Y-%m-%d') between #{updateStartDate} and #{updateEndDate}
					</if>
					<if test="customerIntentionContent !=null and customerIntentionContent !='null' and customerIntentionContent !=''">
						and c.customer_intention_content=#{customerIntentionContent}
					</if>
				</if>
				
				<if test='followType !=null and followType !="null" and followType !="" and followType=="3"'>
        			select c.* from crm_customer as c, crm_customer_tag as d, sys_user as e
					where 
						c.id=d.customer_id and c.follow_user_id=e.id
						and d.customer_tag_id in (${customerTagIdList}) 
						and e.state='2'   and c.state='1'
					<if test="customerStage !=null and customerStage !='null' and customerStage !=''">
						and c.customer_stage=#{customerStage}
					</if>
					<if test="branchOrgId !=null and branchOrgId !='null' and branchOrgId !=''">
						and c.branch_org_id=#{branchOrgId}
					</if>
					<if test="waiveCauseId !=null and waiveCauseId !='null' and waiveCauseId !=''">
						and c.waive_cause_id=#{waiveCauseId}
					</if>
					<if test="updateStartDate !=null and updateStartDate !='null' and updateStartDate !=''">
						and date_format(c.update_time,'%Y-%m-%d') between #{updateStartDate} and #{updateEndDate}
					</if>
					<if test="customerIntentionContent !=null and customerIntentionContent !='null' and customerIntentionContent !=''">
						and c.customer_intention_content=#{customerIntentionContent}
					</if>
				</if>
				
				<if test='followType !=null and followType !="null" and followType !="" and followType=="4"'>
        			select c.* from crm_customer as c, crm_customer_tag as d
					where 
						c.id=d.customer_id 
						and d.customer_tag_id in (${customerTagIdList}) 
						and c.follow_user_id=''  and c.state='1'
					<if test="customerStage !=null and customerStage !='null' and customerStage !=''">
						and c.customer_stage=#{customerStage}
					</if>
					<if test="branchOrgId !=null and branchOrgId !='null' and branchOrgId !=''">
						and c.branch_org_id=#{branchOrgId}
					</if>
					<if test="waiveCauseId !=null and waiveCauseId !='null' and waiveCauseId !=''">
						and c.waive_cause_id=#{waiveCauseId}
					</if>
					<if test="updateStartDate !=null and updateStartDate !='null' and updateStartDate !=''">
						and date_format(c.update_time,'%Y-%m-%d') between #{updateStartDate} and #{updateEndDate}
					</if>
					<if test="customerIntentionContent !=null and customerIntentionContent !='null' and customerIntentionContent !=''">
						and c.customer_intention_content=#{customerIntentionContent}
					</if>
				</if>
				) as temp
            </when>
            <otherwise>
            select count(*) from(
            	<if test='followType !=null and followType !="null" and followType !="" and followType=="1"'>
        			select c.* from crm_customer as c,  sys_user as e
					where 
						c.follow_user_id=e.id
						and e.state in ('0','1','2')   and c.state='1'
					<if test="customerStage !=null and customerStage !='null' and customerStage !=''">
						and c.customer_stage=#{customerStage}
					</if>
					<if test="branchOrgId !=null and branchOrgId !='null' and branchOrgId !=''">
						and c.branch_org_id=#{branchOrgId}
					</if>
					<if test="waiveCauseId !=null and waiveCauseId !='null' and waiveCauseId !=''">
						and c.waive_cause_id=#{waiveCauseId}
					</if>
					<if test="updateStartDate !=null and updateStartDate !='null' and updateStartDate !=''">
						and date_format(c.update_time,'%Y-%m-%d') between #{updateStartDate} and #{updateEndDate}
					</if>
					<if test="customerIntentionContent !=null and customerIntentionContent !='null' and customerIntentionContent !=''">
						and c.customer_intention_content=#{customerIntentionContent}
					</if>
				</if>
				
				<if test='followType !=null and followType !="null" and followType !="" and followType=="2"'>
        			select c.* from crm_customer as c,  sys_user as e
					where 
						c.follow_user_id=e.id
						and e.state='1'   and c.state='1'
					<if test="customerStage !=null and customerStage !='null' and customerStage !=''">
						and c.customer_stage=#{customerStage}
					</if>
					<if test="branchOrgId !=null and branchOrgId !='null' and branchOrgId !=''">
						and c.branch_org_id=#{branchOrgId}
					</if>
					<if test="waiveCauseId !=null and waiveCauseId !='null' and waiveCauseId !=''">
						and c.waive_cause_id=#{waiveCauseId}
					</if>
					<if test="updateStartDate !=null and updateStartDate !='null' and updateStartDate !=''">
						and date_format(c.update_time,'%Y-%m-%d') between #{updateStartDate} and #{updateEndDate}
					</if>
					<if test="customerIntentionContent !=null and customerIntentionContent !='null' and customerIntentionContent !=''">
						and c.customer_intention_content=#{customerIntentionContent}
					</if>
				</if>
				
				<if test='followType !=null and followType !="null" and followType !="" and followType=="3"'>
        			select c.* from crm_customer as c,  sys_user as e
					where 
						c.follow_user_id=e.id
						and e.state='2'   and c.state='1'
					<if test="customerStage !=null and customerStage !='null' and customerStage !=''">
						and c.customer_stage=#{customerStage}
					</if>
					<if test="branchOrgId !=null and branchOrgId !='null' and branchOrgId !=''">
						and c.branch_org_id=#{branchOrgId}
					</if>
					<if test="waiveCauseId !=null and waiveCauseId !='null' and waiveCauseId !=''">
						and c.waive_cause_id=#{waiveCauseId}
					</if>
					<if test="updateStartDate !=null and updateStartDate !='null' and updateStartDate !=''">
						and date_format(c.update_time,'%Y-%m-%d') between #{updateStartDate} and #{updateEndDate}
					</if>
					<if test="customerIntentionContent !=null and customerIntentionContent !='null' and customerIntentionContent !=''">
						and c.customer_intention_content=#{customerIntentionContent}
					</if>
				</if>
				
				<if test='followType !=null and followType !="null" and followType !="" and followType=="4"'>
        			select c.* from crm_customer as c
					where 
						 c.follow_user_id=''   and c.state='1'
					<if test="customerStage !=null and customerStage !='null' and customerStage !=''">
						and c.customer_stage=#{customerStage}
					</if>
					<if test="branchOrgId !=null and branchOrgId !='null' and branchOrgId !=''">
						and c.branch_org_id=#{branchOrgId}
					</if>
					<if test="waiveCauseId !=null and waiveCauseId !='null' and waiveCauseId !=''">
						and c.waive_cause_id=#{waiveCauseId}
					</if>
					<if test="updateStartDate !=null and updateStartDate !='null' and updateStartDate !=''">
						and date_format(c.update_time,'%Y-%m-%d') between #{updateStartDate} and #{updateEndDate}
					</if>
					<if test="customerIntentionContent !=null and customerIntentionContent !='null' and customerIntentionContent !=''">
						and c.customer_intention_content=#{customerIntentionContent}
					</if>
				</if>
				) as temp
            </otherwise>
        </choose>
	</select>
	
	<select id="getCustomerListByCustomerManage" resultMap="defaultMap"  parameterType="java.util.Map">
    	<choose>
        	<when test="customerTagIdList !=null and customerTagIdList !='null' and customerTagIdList !=''">
        			select c.*,
						   e.user_name as follow_user_name
					from 
						 crm_customer as c, crm_customer_tag as d,  sys_user as e
					where 
						c.id=d.customer_id and c.follow_user_id=e.id 
						and d.customer_tag_id in (${customerTagIdList})   and c.sea_type='' and c.state=''
					<if test="customerStage !=null and customerStage !='null' and customerStage !=''">
						and c.customer_stage=#{customerStage}
					</if>
					<if test="branchOrgId !=null and branchOrgId !='null' and branchOrgId !=''">
						and c.branch_org_id=#{branchOrgId}
					</if>
					<if test="departmentId !=null and departmentId !='null' and departmentId !=''">
						and c.department_id=#{departmentId}
					</if>
					<if test="followUserId !=null and followUserId !='null' and followUserId !=''">
						and c.follow_user_id=#{followUserId}
					</if>
					<if test="updateStartDate !=null and updateStartDate !='null' and updateStartDate !=''">
						and date_format(c.update_time,'%Y-%m-%d') between #{updateStartDate} and #{updateEndDate}
					</if>
					<if test="customerIntentionContent !=null and customerIntentionContent !='null' and customerIntentionContent !=''">
						and c.customer_intention_content=#{customerIntentionContent}
					</if>
            </when>
            <otherwise>
        			select c.*,
						   e.user_name as follow_user_name
				    from 
				    	crm_customer as c,  sys_user as e
					where 
						c.follow_user_id=e.id  and c.sea_type='' and c.state=''
					<if test="customerStage !=null and customerStage !='null' and customerStage !=''">
						and c.customer_stage=#{customerStage}
					</if>
					<if test="branchOrgId !=null and branchOrgId !='null' and branchOrgId !=''">
						and c.branch_org_id=#{branchOrgId}
					</if>
					<if test="departmentId !=null and departmentId !='null' and departmentId !=''">
						and c.department_id=#{departmentId}
					</if>
					<if test="followUserId !=null and followUserId !='null' and followUserId !=''">
						and c.follow_user_id=#{followUserId}
					</if>
					<if test="updateStartDate !=null and updateStartDate !='null' and updateStartDate !=''">
						and date_format(c.update_time,'%Y-%m-%d') between #{updateStartDate} and #{updateEndDate}
					</if>
					<if test="customerIntentionContent !=null and customerIntentionContent !='null' and customerIntentionContent !=''">
						and c.customer_intention_content=#{customerIntentionContent}
					</if>
            </otherwise>
        </choose>
        	order by c.update_time desc
			limit #{startRow}, #{pageSize}
	</select>
	
	
	<select id="getCustomerListByCustomerManageCount" resultType="long"  parameterType="java.util.Map">
    	<choose>
        	<when test="customerTagIdList !=null and customerTagIdList !='null' and customerTagIdList !=''">
        		select count(*) from(
					select c.*
					from 
						crm_customer as c, crm_customer_tag as d, sys_user as e
					where 
						c.id=d.customer_id and c.follow_user_id=e.id
						and d.customer_tag_id in (${customerTagIdList})   and c.sea_type='' and c.state=''
					<if test="customerStage !=null and customerStage !='null' and customerStage !=''">
						and c.customer_stage=#{customerStage}
					</if>
					<if test="branchOrgId !=null and branchOrgId !='null' and branchOrgId !=''">
						and c.branch_org_id=#{branchOrgId}
					</if>
					<if test="departmentId !=null and departmentId !='null' and departmentId !=''">
						and c.department_id=#{departmentId}
					</if>
					<if test="followUserId !=null and followUserId !='null' and followUserId !=''">
						and c.follow_user_id=#{followUserId}
					</if>
					<if test="updateStartDate !=null and updateStartDate !='null' and updateStartDate !=''">
						and date_format(c.update_time,'%Y-%m-%d') between #{updateStartDate} and #{updateEndDate}
					</if>
					<if test="customerIntentionContent !=null and customerIntentionContent !='null' and customerIntentionContent !=''">
						and c.customer_intention_content=#{customerIntentionContent}
					</if>
				) as temp
            </when>
            <otherwise>
				select count(*) from(
        			select c.*
				    from 
				    	crm_customer as c,  sys_user as e
					where 
						c.follow_user_id=e.id  and c.sea_type='' and c.state=''
					<if test="customerStage !=null and customerStage !='null' and customerStage !=''">
						and c.customer_stage=#{customerStage}
					</if>
					<if test="branchOrgId !=null and branchOrgId !='null' and branchOrgId !=''">
						and c.branch_org_id=#{branchOrgId}
					</if>
					<if test="departmentId !=null and departmentId !='null' and departmentId !=''">
						and c.department_id=#{departmentId}
					</if>
					<if test="followUserId !=null and followUserId !='null' and followUserId !=''">
						and c.follow_user_id=#{followUserId}
					</if>
					<if test="updateStartDate !=null and updateStartDate !='null' and updateStartDate !=''">
						and date_format(c.update_time,'%Y-%m-%d') between #{updateStartDate} and #{updateEndDate}
					</if>
					<if test="customerIntentionContent !=null and customerIntentionContent !='null' and customerIntentionContent !=''">
						and c.customer_intention_content=#{customerIntentionContent}
					</if>
				) as temp
            </otherwise>
        </choose>
	</select>
	
	<select id="getCustomerListByPromotionManage" resultMap="defaultMap"  parameterType="java.util.Map">
    	<choose>
        	<when test="customerTagIdList !=null and customerTagIdList !='null' and customerTagIdList !=''">
        			select c.*,
						   e.user_name as follow_user_name
					from 
						 crm_customer as c, crm_customer_tag as d,  sys_user as e
					where 
						c.id=d.customer_id and c.follow_user_id=e.id 
						and d.customer_tag_id in (${customerTagIdList})   and c.sea_type='' and c.state=''
					<if test="customerStage !=null and customerStage !='null' and customerStage !=''">
						and c.customer_stage=#{customerStage}
					</if>
					<if test="branchOrgId !=null and branchOrgId !='null' and branchOrgId !=''">
						and c.branch_org_id=#{branchOrgId}
					</if>
					<if test="departmentId !=null and departmentId !='null' and departmentId !=''">
						and c.department_id=#{departmentId}
					</if>
					<if test="promotionUserId !=null and promotionUserId !='null' and promotionUserId !=''">
						and c.promotion_user_id=#{promotionUserId}
					</if>
					<if test="updateStartDate !=null and updateStartDate !='null' and updateStartDate !=''">
						and date_format(c.update_time,'%Y-%m-%d') between #{updateStartDate} and #{updateEndDate}
					</if>
            </when>
            <otherwise>
        			select c.*,
						   e.user_name as follow_user_name
				    from 
				    	crm_customer as c,  sys_user as e
					where 
						c.follow_user_id=e.id  and c.sea_type='' and c.state=''
					<if test="customerStage !=null and customerStage !='null' and customerStage !=''">
						and c.customer_stage=#{customerStage}
					</if>
					<if test="branchOrgId !=null and branchOrgId !='null' and branchOrgId !=''">
						and c.branch_org_id=#{branchOrgId}
					</if>
					<if test="departmentId !=null and departmentId !='null' and departmentId !=''">
						and c.department_id=#{departmentId}
					</if>
					<if test="promotionUserId !=null and promotionUserId !='null' and promotionUserId !=''">
						and c.promotion_user_id=#{promotionUserId}
					</if>
					<if test="updateStartDate !=null and updateStartDate !='null' and updateStartDate !=''">
						and date_format(c.update_time,'%Y-%m-%d') between #{updateStartDate} and #{updateEndDate}
					</if>
            </otherwise>
        </choose>
        	order by c.update_time desc
			limit #{startRow}, #{pageSize}
	</select>
	
	
	<select id="getCustomerListByPromotionManageCount" resultType="long"  parameterType="java.util.Map">
    	<choose>
        	<when test="customerTagIdList !=null and customerTagIdList !='null' and customerTagIdList !=''">
        		select count(*) from(
					select c.*
					from 
						crm_customer as c, crm_customer_tag as d, sys_user as e
					where 
						c.id=d.customer_id and c.follow_user_id=e.id
						and d.customer_tag_id in (${customerTagIdList})   and c.sea_type='' and c.state=''
					<if test="customerStage !=null and customerStage !='null' and customerStage !=''">
						and c.customer_stage=#{customerStage}
					</if>
					<if test="branchOrgId !=null and branchOrgId !='null' and branchOrgId !=''">
						and c.branch_org_id=#{branchOrgId}
					</if>
					<if test="departmentId !=null and departmentId !='null' and departmentId !=''">
						and c.department_id=#{departmentId}
					</if>
					<if test="promotionUserId !=null and promotionUserId !='null' and promotionUserId !=''">
						and c.promotion_user_id=#{promotionUserId}
					</if>
					<if test="updateStartDate !=null and updateStartDate !='null' and updateStartDate !=''">
						and date_format(c.update_time,'%Y-%m-%d') between #{updateStartDate} and #{updateEndDate}
					</if>
				) as temp
            </when>
            <otherwise>
				select count(*) from(
        			select c.*
				    from 
				    	crm_customer as c,  sys_user as e
					where 
						c.follow_user_id=e.id  and c.sea_type='' and c.state=''
					<if test="customerStage !=null and customerStage !='null' and customerStage !=''">
						and c.customer_stage=#{customerStage}
					</if>
					<if test="branchOrgId !=null and branchOrgId !='null' and branchOrgId !=''">
						and c.branch_org_id=#{branchOrgId}
					</if>
					<if test="departmentId !=null and departmentId !='null' and departmentId !=''">
						and c.department_id=#{departmentId}
					</if>
					<if test="promotionUserId !=null and promotionUserId !='null' and promotionUserId !=''">
						and c.promotion_user_id=#{promotionUserId}
					</if>
					<if test="updateStartDate !=null and updateStartDate !='null' and updateStartDate !=''">
						and date_format(c.update_time,'%Y-%m-%d') between #{updateStartDate} and #{updateEndDate}
					</if>
				) as temp
            </otherwise>
        </choose>
	</select>
	
	
	<select id="getCustomerListByRepository" resultMap="defaultMap"  parameterType="java.util.Map">
	<!-- 客户管理中展现的客户，都是有跟进人的，无人跟进的，会进入业务组公海里面去 -->
    	<choose>
        	<when test="customerTagIdList !=null and customerTagIdList !='null' and customerTagIdList !=''">
        			select c.*
					from 
						 crm_customer as c, crm_customer_tag as d
					where 
						c.id=d.customer_id 
						and d.customer_tag_id in (${customerTagIdList})    and c.state='' and c.customer_source_type=#{customerSourceType}
					<if test="customerStage !=null and customerStage !='null' and customerStage !=''">
						and c.customer_stage=#{customerStage}
					</if>
					<if test="updateStartDate !=null and updateStartDate !='null' and updateStartDate !=''">
						and date_format(c.update_time,'%Y-%m-%d') between #{updateStartDate} and #{updateEndDate}
					</if>
					<if test="searchType !=null and searchType !='null' and searchType !='' and searchType=='branch'">
						and c.branch_org_id=#{branchOrgId} and c.sea_type='1'
					</if>
					<if test="searchType !=null and searchType !='null' and searchType !='' and searchType=='department'">
						and c.department_id=#{departmentId} and c.sea_type='2'
					</if>
					<if test="customerIntentionContent !=null and customerIntentionContent !='null' and customerIntentionContent !=''">
						and c.customer_intention_content=#{customerIntentionContent}
					</if>
            </when>
            <otherwise>
        			select c.*
				    from 
				    	crm_customer as c
					where 
						c.state='' and c.customer_source_type=#{customerSourceType}
					<if test="customerStage !=null and customerStage !='null' and customerStage !=''">
						and c.customer_stage=#{customerStage}
					</if>
					<if test="updateStartDate !=null and updateStartDate !='null' and updateStartDate !=''">
						and date_format(c.update_time,'%Y-%m-%d') between #{updateStartDate} and #{updateEndDate}
					</if>
					<if test="searchType !=null and searchType !='null' and searchType !='' and searchType=='branch'">
						and c.branch_org_id=#{branchOrgId} and c.sea_type='1'
					</if>
					<if test="searchType !=null and searchType !='null' and searchType !='' and searchType=='department'">
						and c.department_id=#{departmentId} and c.sea_type='2'
					</if>
					<if test="customerIntentionContent !=null and customerIntentionContent !='null' and customerIntentionContent !=''">
						and c.customer_intention_content=#{customerIntentionContent}
					</if>
            </otherwise>
        </choose>
        	order by c.update_time desc
			limit #{startRow}, #{pageSize}
	</select>
	
	
	<select id="getCustomerListByRepositoryCount" resultType="long"  parameterType="java.util.Map">
    	<choose>
        	<when test="customerTagIdList !=null and customerTagIdList !='null' and customerTagIdList !=''">
        		select count(*) from(
					select c.*
					from 
						 crm_customer as c, crm_customer_tag as d
					where 
						c.id=d.customer_id 
						and d.customer_tag_id in (${customerTagIdList})    and c.state='' and c.customer_source_type=#{customerSourceType}
					<if test="customerStage !=null and customerStage !='null' and customerStage !=''">
						and c.customer_stage=#{customerStage}
					</if>
					<if test="updateStartDate !=null and updateStartDate !='null' and updateStartDate !=''">
						and date_format(c.update_time,'%Y-%m-%d') between #{updateStartDate} and #{updateEndDate}
					</if>
					<if test="searchType !=null and searchType !='null' and searchType !='' and searchType=='branch'">
						and c.branch_org_id=#{branchOrgId} and c.sea_type='1'
					</if>
					<if test="searchType !=null and searchType !='null' and searchType !='' and searchType=='department'">
						and c.department_id=#{departmentId} and c.sea_type='2'
					</if>
					<if test="customerIntentionContent !=null and customerIntentionContent !='null' and customerIntentionContent !=''">
						and c.customer_intention_content=#{customerIntentionContent}
					</if>
				) as temp
            </when>
            <otherwise>
				select count(*) from(
        			select c.*
				    from 
				    	crm_customer as c
					where 
						c.state='' and c.customer_source_type=#{customerSourceType}
					<if test="customerStage !=null and customerStage !='null' and customerStage !=''">
						and c.customer_stage=#{customerStage}
					</if>
					<if test="updateStartDate !=null and updateStartDate !='null' and updateStartDate !=''">
						and date_format(c.update_time,'%Y-%m-%d') between #{updateStartDate} and #{updateEndDate}
					</if>
					<if test="searchType !=null and searchType !='null' and searchType !='' and searchType=='branch'">
						and c.branch_org_id=#{branchOrgId} and c.sea_type='1'
					</if>
					<if test="searchType !=null and searchType !='null' and searchType !='' and searchType=='department'">
						and c.department_id=#{departmentId} and c.sea_type='2'
					</if>
					<if test="customerIntentionContent !=null and customerIntentionContent !='null' and customerIntentionContent !=''">
						and c.customer_intention_content=#{customerIntentionContent}
					</if>
				) as temp
            </otherwise>
        </choose>
	</select>
	
	
	
	
	<select id="getCustomerListByImport" resultMap="defaultMap"  parameterType="java.util.Map">
    	<choose>
        	<when test="customerTagIdList !=null and customerTagIdList !='null' and customerTagIdList !=''">
        			select c.*
					from 
						 crm_customer as c, crm_customer_tag as d
					where 
						c.id=d.customer_id and c.branch_org_id=#{branchOrgId} and c.import_type=2
						and d.customer_tag_id in (${customerTagIdList})    and c.create_user_id=#{userId}
					<if test="customerStage !=null and customerStage !='null' and customerStage !=''">
						and c.customer_stage=#{customerStage}
					</if>
					<if test="updateStartDate !=null and updateStartDate !='null' and updateStartDate !=''">
						and date_format(c.update_time,'%Y-%m-%d') between #{updateStartDate} and #{updateEndDate}
					</if>
					<if test="customerIntentionContent !=null and customerIntentionContent !='null' and customerIntentionContent !=''">
						and c.customer_intention_content=#{customerIntentionContent}
					</if>
            </when>
            <otherwise>
        			select c.*
				    from 
				    	crm_customer as c
					where 
						 c.create_user_id=#{userId} and c.branch_org_id=#{branchOrgId} and c.import_type=2
					<if test="customerStage !=null and customerStage !='null' and customerStage !=''">
						and c.customer_stage=#{customerStage}
					</if>
					<if test="updateStartDate !=null and updateStartDate !='null' and updateStartDate !=''">
						and date_format(c.update_time,'%Y-%m-%d') between #{updateStartDate} and #{updateEndDate}
					</if>
					<if test="customerIntentionContent !=null and customerIntentionContent !='null' and customerIntentionContent !=''">
						and c.customer_intention_content=#{customerIntentionContent}
					</if>
            </otherwise>
        </choose>
        	order by c.create_time desc
			limit #{startRow}, #{pageSize}
	</select>
	
	
	<select id="getCustomerListByImportCount" resultType="long"  parameterType="java.util.Map">
    	<choose>
        	<when test="customerTagIdList !=null and customerTagIdList !='null' and customerTagIdList !=''">
        		select count(*) from(
					select c.*
					from 
						 crm_customer as c, crm_customer_tag as d
					where 
						c.id=d.customer_id and c.branch_org_id=#{branchOrgId} and c.import_type=2
						and d.customer_tag_id in (${customerTagIdList})    and c.create_user_id=#{userId}
					<if test="customerStage !=null and customerStage !='null' and customerStage !=''">
						and c.customer_stage=#{customerStage}
					</if>
					<if test="updateStartDate !=null and updateStartDate !='null' and updateStartDate !=''">
						and date_format(c.update_time,'%Y-%m-%d') between #{updateStartDate} and #{updateEndDate}
					</if>
					<if test="customerIntentionContent !=null and customerIntentionContent !='null' and customerIntentionContent !=''">
						and c.customer_intention_content=#{customerIntentionContent}
					</if>
				) as temp
            </when>
            <otherwise>
				select count(*) from(
        			select c.*
				    from 
				    	crm_customer as c
					where 
						c.create_user_id=#{userId} and c.branch_org_id=#{branchOrgId} and c.import_type=2
					<if test="customerStage !=null and customerStage !='null' and customerStage !=''">
						and c.customer_stage=#{customerStage}
					</if>
					<if test="updateStartDate !=null and updateStartDate !='null' and updateStartDate !=''">
						and date_format(c.update_time,'%Y-%m-%d') between #{updateStartDate} and #{updateEndDate}
					</if>
					<if test="customerIntentionContent !=null and customerIntentionContent !='null' and customerIntentionContent !=''">
						and c.customer_intention_content=#{customerIntentionContent}
					</if>
				) as temp
            </otherwise>
        </choose>
	</select>
	
	
	
	<select id="getCustomerListByGeneralize" resultMap="defaultMap"  parameterType="java.util.Map">
    	<choose>
        	<when test="customerTagIdList !=null and customerTagIdList !='null' and customerTagIdList !=''">
        			select c.*
					from 
						 crm_customer as c, crm_customer_tag as d
					where 
						c.id=d.customer_id 
						and d.customer_tag_id in (${customerTagIdList})    and c.promotion_user_id=#{userId}
					<if test="customerStage !=null and customerStage !='null' and customerStage !=''">
						and c.customer_stage=#{customerStage}
					</if>
					<if test="updateStartDate !=null and updateStartDate !='null' and updateStartDate !=''">
						and date_format(c.update_time,'%Y-%m-%d') between #{updateStartDate} and #{updateEndDate}
					</if>
            </when>
            <otherwise>
        			select c.*
				    from 
				    	crm_customer as c
					where 
						 c.promotion_user_id=#{userId} 
					<if test="customerStage !=null and customerStage !='null' and customerStage !=''">
						and c.customer_stage=#{customerStage}
					</if>
					<if test="updateStartDate !=null and updateStartDate !='null' and updateStartDate !=''">
						and date_format(c.update_time,'%Y-%m-%d') between #{updateStartDate} and #{updateEndDate}
					</if>
            </otherwise>
        </choose>
        	order by c.update_time desc
			limit #{startRow}, #{pageSize}
	</select>
	
	
	<select id="getCustomerListByGeneralizeCount" resultType="long"  parameterType="java.util.Map">
    	<choose>
        	<when test="customerTagIdList !=null and customerTagIdList !='null' and customerTagIdList !=''">
        		select count(*) from(
					select c.*
					from 
						 crm_customer as c, crm_customer_tag as d
					where 
						c.id=d.customer_id 
						and d.customer_tag_id in (${customerTagIdList})    and c.promotion_user_id=#{userId}
					<if test="customerStage !=null and customerStage !='null' and customerStage !=''">
						and c.customer_stage=#{customerStage}
					</if>
					<if test="updateStartDate !=null and updateStartDate !='null' and updateStartDate !=''">
						and date_format(c.update_time,'%Y-%m-%d') between #{updateStartDate} and #{updateEndDate}
					</if>
				) as temp
            </when>
            <otherwise>
				select count(*) from(
        			select c.*
				    from 
				    	crm_customer as c
					where 
						c.promotion_user_id=#{userId} 
					<if test="customerStage !=null and customerStage !='null' and customerStage !=''">
						and c.customer_stage=#{customerStage}
					</if>
					<if test="updateStartDate !=null and updateStartDate !='null' and updateStartDate !=''">
						and date_format(c.update_time,'%Y-%m-%d') between #{updateStartDate} and #{updateEndDate}
					</if>
				) as temp
            </otherwise>
        </choose>
	</select>
	
	
	<select id="getCustomerListByCompanySea" resultMap="defaultMap"  parameterType="java.util.Map">
    	<choose>
        	<when test="customerTagIdList !=null and customerTagIdList !='null' and customerTagIdList !=''">
        		<if test='followType !=null and followType !="null" and followType !="" and followType=="1"'>
        			select c.*
				    from 
				    	crm_customer as c, crm_customer_tag as d, sys_user as e
					where 
						c.id=d.customer_id and c.follow_user_id=e.id  and c.branch_org_id=''
					    and d.customer_tag_id in (${customerTagIdList}) 
						and e.state in ('0','1','2')    and c.state='2'
					<if test="customerStage !=null and customerStage !='null' and customerStage !=''">
						and c.customer_stage=#{customerStage}
					</if>
					<if test="waiveCauseId !=null and waiveCauseId !='null' and waiveCauseId !=''">
						and c.waive_cause_id=#{waiveCauseId}
					</if>
					<if test="updateStartDate !=null and updateStartDate !='null' and updateStartDate !=''">
						and date_format(c.update_time,'%Y-%m-%d') between #{updateStartDate} and #{updateEndDate}
					</if>
					<if test="customerIntentionContent !=null and customerIntentionContent !='null' and customerIntentionContent !=''">
						and c.customer_intention_content=#{customerIntentionContent}
					</if>
				</if>
				
				<if test='followType !=null and followType !="null" and followType !="" and followType=="2"'>
        			select c.*
				    from 
				    	crm_customer as c, crm_customer_tag as d, sys_user as e
					where 
						c.id=d.customer_id and c.follow_user_id=e.id   and c.branch_org_id=''
					    and d.customer_tag_id in (${customerTagIdList}) 
						and e.state='1'   and c.state='2'
					<if test="customerStage !=null and customerStage !='null' and customerStage !=''">
						and c.customer_stage=#{customerStage}
					</if>
					<if test="waiveCauseId !=null and waiveCauseId !='null' and waiveCauseId !=''">
						and c.waive_cause_id=#{waiveCauseId}
					</if>
					<if test="updateStartDate !=null and updateStartDate !='null' and updateStartDate !=''">
						and date_format(c.update_time,'%Y-%m-%d') between #{updateStartDate} and #{updateEndDate}
					</if>
					<if test="customerIntentionContent !=null and customerIntentionContent !='null' and customerIntentionContent !=''">
						and c.customer_intention_content=#{customerIntentionContent}
					</if>
				</if>
				
				<if test='followType !=null and followType !="null" and followType !="" and followType=="3"'>
        			select c.*
			        from 
			        	crm_customer as c, crm_customer_tag as d, sys_user as e
					where 
						c.id=d.customer_id and c.follow_user_id=e.id  
					    and d.customer_tag_id in (${customerTagIdList}) 
						and e.state='2'   and c.state='2'  and c.branch_org_id=''
					<if test="customerStage !=null and customerStage !='null' and customerStage !=''">
						and c.customer_stage=#{customerStage}
					</if>
					<if test="waiveCauseId !=null and waiveCauseId !='null' and waiveCauseId !=''">
						and c.waive_cause_id=#{waiveCauseId}
					</if>
					<if test="updateStartDate !=null and updateStartDate !='null' and updateStartDate !=''">
						and date_format(c.update_time,'%Y-%m-%d') between #{updateStartDate} and #{updateEndDate}
					</if>
					<if test="customerIntentionContent !=null and customerIntentionContent !='null' and customerIntentionContent !=''">
						and c.customer_intention_content=#{customerIntentionContent}
					</if>
				</if>
				
				<if test='followType !=null and followType !="null" and followType !="" and followType=="4"'>
        			select c.*
        		    from 
        		    	crm_customer as c, crm_customer_tag as d
					where 
						c.id=d.customer_id
					    and d.customer_tag_id in (${customerTagIdList}) 
						and c.follow_user_id=''   and c.state='2'  and c.branch_org_id=''
					<if test="customerStage !=null and customerStage !='null' and customerStage !=''">
						and c.customer_stage=#{customerStage}
					</if>
					<if test="waiveCauseId !=null and waiveCauseId !='null' and waiveCauseId !=''">
						and c.waive_cause_id=#{waiveCauseId}
					</if>
					<if test="updateStartDate !=null and updateStartDate !='null' and updateStartDate !=''">
						and date_format(c.update_time,'%Y-%m-%d') between #{updateStartDate} and #{updateEndDate}
					</if>
					<if test="customerIntentionContent !=null and customerIntentionContent !='null' and customerIntentionContent !=''">
						and c.customer_intention_content=#{customerIntentionContent}
					</if>
				</if>
            </when>
            <otherwise>
            	<if test='followType !=null and followType !="null" and followType !="" and followType=="1"'>
        			select c.*
        		    from 
        		    	crm_customer as c,  sys_user as e
					where 
						c.follow_user_id=e.id  
						and e.state in ('0','1','2')   and c.state='2'  and c.branch_org_id=''
					<if test="customerStage !=null and customerStage !='null' and customerStage !=''">
						and c.customer_stage=#{customerStage}
					</if>
					<if test="waiveCauseId !=null and waiveCauseId !='null' and waiveCauseId !=''">
						and c.waive_cause_id=#{waiveCauseId}
					</if>
					<if test="updateStartDate !=null and updateStartDate !='null' and updateStartDate !=''">
						and date_format(c.update_time,'%Y-%m-%d') between #{updateStartDate} and #{updateEndDate}
					</if>
					<if test="customerIntentionContent !=null and customerIntentionContent !='null' and customerIntentionContent !=''">
						and c.customer_intention_content=#{customerIntentionContent}
					</if>
				</if>
				
				<if test='followType !=null and followType !="null" and followType !="" and followType=="2"'>
        			select c.*
        		    from 
        		    	crm_customer as c,  sys_user as e
					where 
						c.follow_user_id=e.id  
						and e.state='1'   and c.state='2'  and c.branch_org_id=''
					<if test="customerStage !=null and customerStage !='null' and customerStage !=''">
						and c.customer_stage=#{customerStage}
					</if>
					<if test="waiveCauseId !=null and waiveCauseId !='null' and waiveCauseId !=''">
						and c.waive_cause_id=#{waiveCauseId}
					</if>
					<if test="updateStartDate !=null and updateStartDate !='null' and updateStartDate !=''">
						and date_format(c.update_time,'%Y-%m-%d') between #{updateStartDate} and #{updateEndDate}
					</if>
					<if test="customerIntentionContent !=null and customerIntentionContent !='null' and customerIntentionContent !=''">
						and c.customer_intention_content=#{customerIntentionContent}
					</if>
				</if>
				
				<if test='followType !=null and followType !="null" and followType !="" and followType=="3"'>
        			select c.*
				    from 
				    	crm_customer as c,  sys_user as e
					where 
						c.follow_user_id=e.id  
						and e.state='2'   and c.state='2'  and c.branch_org_id=''
					<if test="customerStage !=null and customerStage !='null' and customerStage !=''">
						and c.customer_stage=#{customerStage}
					</if>
					<if test="waiveCauseId !=null and waiveCauseId !='null' and waiveCauseId !=''">
						and c.waive_cause_id=#{waiveCauseId}
					</if>
					<if test="updateStartDate !=null and updateStartDate !='null' and updateStartDate !=''">
						and date_format(c.update_time,'%Y-%m-%d') between #{updateStartDate} and #{updateEndDate}
					</if>
					<if test="customerIntentionContent !=null and customerIntentionContent !='null' and customerIntentionContent !=''">
						and c.customer_intention_content=#{customerIntentionContent}
					</if>
				</if>
				
				<if test='followType !=null and followType !="null" and followType !="" and followType=="4"'>
        			select c.*
				    from 
				    	crm_customer as c
					where 
						c.follow_user_id=''   and c.state='2'  and c.branch_org_id=''
					<if test="customerStage !=null and customerStage !='null' and customerStage !=''">
						and c.customer_stage=#{customerStage}
					</if>
					<if test="waiveCauseId !=null and waiveCauseId !='null' and waiveCauseId !=''">
						and c.waive_cause_id=#{waiveCauseId}
					</if>
					<if test="updateStartDate !=null and updateStartDate !='null' and updateStartDate !=''">
						and date_format(c.update_time,'%Y-%m-%d') between #{updateStartDate} and #{updateEndDate}
					</if>
					<if test="customerIntentionContent !=null and customerIntentionContent !='null' and customerIntentionContent !=''">
						and c.customer_intention_content=#{customerIntentionContent}
					</if>
				</if>
            </otherwise>
        </choose>
        	order by c.update_time desc
			limit #{startRow}, #{pageSize}
	</select>
	
	<select id="getCustomerListByCompanySeaCount" resultType="long"  parameterType="java.util.Map">
    	<choose>
        	<when test="customerTagIdList !=null and customerTagIdList !='null' and customerTagIdList !=''">
        		select count(*) from (
        		<if test='followType !=null and followType !="null" and followType !="" and followType=="1"'>
        			select c.* from crm_customer as c, crm_customer_tag as d, sys_user as e
					where 
						c.id=d.customer_id and c.follow_user_id=e.id  
					    and d.customer_tag_id in (${customerTagIdList}) 
						and e.state in ('0','1','2')   and c.state='2'  and c.branch_org_id=''
					<if test="customerStage !=null and customerStage !='null' and customerStage !=''">
						and c.customer_stage=#{customerStage}
					</if>
					<if test="waiveCauseId !=null and waiveCauseId !='null' and waiveCauseId !=''">
						and c.waive_cause_id=#{waiveCauseId}
					</if>
					<if test="updateStartDate !=null and updateStartDate !='null' and updateStartDate !=''">
						and date_format(c.update_time,'%Y-%m-%d') between #{updateStartDate} and #{updateEndDate}
					</if>
					<if test="customerIntentionContent !=null and customerIntentionContent !='null' and customerIntentionContent !=''">
						and c.customer_intention_content=#{customerIntentionContent}
					</if>
				</if>
				
				<if test='followType !=null and followType !="null" and followType !="" and followType=="2"'>
        			select c.* from crm_customer as c, crm_customer_tag as d, sys_user as e
					where 
						c.id=d.customer_id and c.follow_user_id=e.id  
					    and d.customer_tag_id in (${customerTagIdList}) 
						and e.state='1'   and c.state='2'  and c.branch_org_id=''
					<if test="customerStage !=null and customerStage !='null' and customerStage !=''">
						and c.customer_stage=#{customerStage}
					</if>
					<if test="waiveCauseId !=null and waiveCauseId !='null' and waiveCauseId !=''">
						and c.waive_cause_id=#{waiveCauseId}
					</if>
					<if test="updateStartDate !=null and updateStartDate !='null' and updateStartDate !=''">
						and date_format(c.update_time,'%Y-%m-%d') between #{updateStartDate} and #{updateEndDate}
					</if>
					<if test="customerIntentionContent !=null and customerIntentionContent !='null' and customerIntentionContent !=''">
						and c.customer_intention_content=#{customerIntentionContent}
					</if>
				</if>
				
				<if test='followType !=null and followType !="null" and followType !="" and followType=="3"'>
        			select c.* from crm_customer as c, crm_customer_tag as d, sys_user as e
					where 
						c.id=d.customer_id and c.follow_user_id=e.id  
					    and d.customer_tag_id in (${customerTagIdList}) 
						and e.state='2'   and c.state='2'  and c.branch_org_id=''
					<if test="customerStage !=null and customerStage !='null' and customerStage !=''">
						and c.customer_stage=#{customerStage}
					</if>
					<if test="waiveCauseId !=null and waiveCauseId !='null' and waiveCauseId !=''">
						and c.waive_cause_id=#{waiveCauseId}
					</if>
					<if test="updateStartDate !=null and updateStartDate !='null' and updateStartDate !=''">
						and date_format(c.update_time,'%Y-%m-%d') between #{updateStartDate} and #{updateEndDate}
					</if>
					<if test="customerIntentionContent !=null and customerIntentionContent !='null' and customerIntentionContent !=''">
						and c.customer_intention_content=#{customerIntentionContent}
					</if>
				</if>
				
				<if test='followType !=null and followType !="null" and followType !="" and followType=="4"'>
        			select c.* from crm_customer as c, crm_customer_tag as d
					where 
						c.id=d.customer_id  
					    and d.customer_tag_id in (${customerTagIdList}) 
						and d.follow_user_id=''   and c.state='2'  and c.branch_org_id=''
					<if test="customerStage !=null and customerStage !='null' and customerStage !=''">
						and c.customer_stage=#{customerStage}
					</if>
					<if test="waiveCauseId !=null and waiveCauseId !='null' and waiveCauseId !=''">
						and c.waive_cause_id=#{waiveCauseId}
					</if>
					<if test="updateStartDate !=null and updateStartDate !='null' and updateStartDate !=''">
						and date_format(c.update_time,'%Y-%m-%d') between #{updateStartDate} and #{updateEndDate}
					</if>
					<if test="customerIntentionContent !=null and customerIntentionContent !='null' and customerIntentionContent !=''">
						and c.customer_intention_content=#{customerIntentionContent}
					</if>
				</if>
				) as temp
            </when>
            <otherwise>
            	select count(*) from (
            	<if test='followType !=null and followType !="null" and followType !="" and followType=="1"'>
        			select c.* from crm_customer as c,  sys_user as e
					where 
						c.follow_user_id=e.id  
						and e.state in ('0','1','2')   and c.state='2'  and c.branch_org_id=''
					<if test="customerStage !=null and customerStage !='null' and customerStage !=''">
						and c.customer_stage=#{customerStage}
					</if>
					<if test="waiveCauseId !=null and waiveCauseId !='null' and waiveCauseId !=''">
						and c.waive_cause_id=#{waiveCauseId}
					</if>
					<if test="updateStartDate !=null and updateStartDate !='null' and updateStartDate !=''">
						and date_format(c.update_time,'%Y-%m-%d') between #{updateStartDate} and #{updateEndDate}
					</if>
					<if test="customerIntentionContent !=null and customerIntentionContent !='null' and customerIntentionContent !=''">
						and c.customer_intention_content=#{customerIntentionContent}
					</if>
				</if>
				
				<if test='followType !=null and followType !="null" and followType !="" and followType=="2"'>
        			select c.* from crm_customer as c,  sys_user as e
					where 
						c.follow_user_id=e.id  
						and e.state='1'   and c.state='2'  and c.branch_org_id=''
					<if test="customerStage !=null and customerStage !='null' and customerStage !=''">
						and c.customer_stage=#{customerStage}
					</if>
					<if test="waiveCauseId !=null and waiveCauseId !='null' and waiveCauseId !=''">
						and c.waive_cause_id=#{waiveCauseId}
					</if>
					<if test="updateStartDate !=null and updateStartDate !='null' and updateStartDate !=''">
						and date_format(c.update_time,'%Y-%m-%d') between #{updateStartDate} and #{updateEndDate}
					</if>
					<if test="customerIntentionContent !=null and customerIntentionContent !='null' and customerIntentionContent !=''">
						and c.customer_intention_content=#{customerIntentionContent}
					</if>
				</if>
				
				<if test='followType !=null and followType !="null" and followType !="" and followType=="3"'>
        			select c.* from crm_customer as c,  sys_user as e
						where 
							c.follow_user_id=e.id  
							and e.state='2'   and c.state='2'  and c.branch_org_id=''
					<if test="customerStage !=null and customerStage !='null' and customerStage !=''">
						and c.customer_stage=#{customerStage}
					</if>
					<if test="waiveCauseId !=null and waiveCauseId !='null' and waiveCauseId !=''">
						and c.waive_cause_id=#{waiveCauseId}
					</if>
					<if test="updateStartDate !=null and updateStartDate !='null' and updateStartDate !=''">
						and date_format(c.update_time,'%Y-%m-%d') between #{updateStartDate} and #{updateEndDate}
					</if>
					<if test="customerIntentionContent !=null and customerIntentionContent !='null' and customerIntentionContent !=''">
						and c.customer_intention_content=#{customerIntentionContent}
					</if>
				</if>
				
				<if test='followType !=null and followType !="null" and followType !="" and followType=="4"'>
        			select c.* from crm_customer as c
						where 
							c.follow_user_id=''   and c.state='2'  and c.branch_org_id=''
					<if test="customerStage !=null and customerStage !='null' and customerStage !=''">
						and c.customer_stage=#{customerStage}
					</if>
					<if test="waiveCauseId !=null and waiveCauseId !='null' and waiveCauseId !=''">
						and c.waive_cause_id=#{waiveCauseId}
					</if>
					<if test="updateStartDate !=null and updateStartDate !='null' and updateStartDate !=''">
						and date_format(c.update_time,'%Y-%m-%d') between #{updateStartDate} and #{updateEndDate}
					</if>
					<if test="customerIntentionContent !=null and customerIntentionContent !='null' and customerIntentionContent !=''">
						and c.customer_intention_content=#{customerIntentionContent}
					</if>
				</if>
				) as temp
            </otherwise>
        </choose>
	</select>
	
	
	<select id="getCustomerCreateRecordList" resultMap="defaultMap"  parameterType="java.util.Map">
		select 
			date_format(a.create_time,'%Y-%m-%d %H:%s:%s') as create_time, a.customer_name,a.mobile,b.user_name
		from 
			crm_customer as a, sys_user as b
		where 
			a.create_user_id=b.id  and a.branch_org_id=#{branchOrgId}
			<if test="customerNameOrCompanyName !=null and customerNameOrCompanyName !='null' and customerNameOrCompanyName !=''">
				and a.customer_name=#{customerNameOrCompanyName}
			</if>
			<if test="startDateTime !=null and startDateTime !='null' and startDateTime !=''">
				and date_format(a.create_time,'%Y-%m-%d') between #{startDateTime} and #{endDateTime}
			</if>
		union
		select 
			date_format(a.create_time,'%Y-%m-%d %H:%s:%s') as create_time, a.customer_name,a.mobile,b.user_name
		from 
			crm_customer as a, sys_user as b
		where 
			a.create_user_id=b.id and a.branch_org_id=#{branchOrgId}
			<if test="customerNameOrCompanyName !=null and customerNameOrCompanyName !='null' and customerNameOrCompanyName !=''">
				and a.company_name=#{customerNameOrCompanyName}
			</if>
			<if test="startDateTime !=null and startDateTime !='null' and startDateTime !=''">
				and date_format(a.create_time,'%Y-%m-%d') between #{startDateTime} and #{endDateTime}
			</if>
	</select>
	
	
	<select id="getCustomerCreateRecordListCount" resultType="long"  parameterType="java.util.Map">
		select count(*) from (
			select 
				a.create_time,a.customer_name,a.mobile,b.user_name
			from 
				crm_customer as a, sys_user as b
			where 
				a.create_user_id=b.id and a.branch_org_id=#{branchOrgId}
				<if test="customerNameOrCompanyName !=null and customerNameOrCompanyName !='null' and customerNameOrCompanyName !=''">
					and a.customer_name=#{customerNameOrCompanyName}
				</if>
				<if test="startDateTime !=null and startDateTime !='null' and startDateTime !=''">
					and date_format(a.create_time,'%Y-%m-%d') between #{startDateTime} and #{endDateTime}
				</if>
			union
			select 
				a.create_time,a.customer_name,a.mobile,b.user_name
			from 
				crm_customer as a, sys_user as b
			where 
				a.create_user_id=b.id   and a.branch_org_id=#{branchOrgId}
				<if test="customerNameOrCompanyName !=null and customerNameOrCompanyName !='null' and customerNameOrCompanyName !=''">
					and a.company_name=#{customerNameOrCompanyName}
				</if>
				<if test="startDateTime !=null and startDateTime !='null' and startDateTime !=''">
					and date_format(a.create_time,'%Y-%m-%d') between #{startDateTime} and #{endDateTime}
				</if>
			) as temp
	</select>
	
	
	<select id="getCustomerContactCount" resultType="BigDecimal"  parameterType="java.util.Map">
		<!-- 未联系的客户，拿总客户减掉有电话联系的客户数，即未联系的客户数，如果要改造联系客户以打通电话为准，则改造crm_user_customer_call表的条件增加有效通话类型查询即可-->
		select count(*) from (
			select * from (
				select 
					a.customer_id,count(a.customer_id) as contact_num 
				from 
					crm_user_customer_call as a left join crm_customer as b on a.customer_id=b.id
				where
						b.branch_org_id=#{branchOrgId}
						<if test="startDateTime !=null and startDateTime !='null' and startDateTime !=''">
							and date_format(b.create_time,'%Y-%m-%d') between #{startDateTime} and #{endDateTime} 
						</if>
					group by customer_id
			) as temp 
			where 
				<choose>
	        		<when test='contactNum lt 4'>
	        			contact_num=#{contactNum}
	        		</when>
					<otherwise>
						<![CDATA[ contact_num>=#{contactNum} ]]>
					</otherwise>
				</choose>
			) as t
	</select>
	
	<select id="getCustomerContactCountByUserId" resultType="BigDecimal"  parameterType="java.util.Map">
		<!-- 如果要改造联系客户以打通电话为准，则改造crm_user_customer_call表的条件增加有效通话类型查询即可-->
		select 
			count(*) 
		from 
			crm_user_customer_call as a, sys_user as b 
		where 
			a.user_id=b.id and a.user_id=#{userId} 
			<if test="startDateTime !=null and startDateTime !='null' and startDateTime !=''">
				and date_format(a.start_time,'%Y-%m-%d') between #{startDateTime} and #{endDateTime} 
			</if>
	</select>
	
	
	
	<select id="getLatelyContactCustomerCount" resultType="BigDecimal"  parameterType="java.util.Map">
		select count(*) from (		
			select 
				a.customer_id
			from 
				crm_user_customer_call as a, crm_customer as b 
			where  
				a.customer_id=b.id and b.branch_org_id=#{branchOrgId}
				<if test="startDateTime !=null and startDateTime !='null' and startDateTime !=''">
					and date_format(a.start_time,'%Y-%m-%d') between #{startDateTime} and #{endDateTime} 
				</if>
				group by a.customer_id
			) as temp
	</select>
	
	
	<!-- <select id="getBranchCustomerCount" resultType="BigDecimal"  parameterType="String"> -->
	<select id="getBranchCustomerCount" resultType="BigDecimal"  parameterType="java.util.Map">
		select count(*) from crm_customer where branch_org_id=#{branchOrgId}
		<if test="startDateTime !=null and startDateTime !='null' and startDateTime !=''">
			and	date_format(create_time,'%Y-%m-%d') between #{startDateTime} and #{endDateTime} 
		</if>
		<!-- select count(*) from crm_branch_org_customer where branch_org_id=#{branchOrgId} -->
	</select>
	
	<select id="getCreateCustomerCountByUser" resultType="BigDecimal"  parameterType="java.util.Map">
		select 
		 	count(*) 
		 from 
		 	crm_customer as a  
		 where 
			a.create_user_id=#{userId} 
			<if test="startDateTime !=null and startDateTime !='null' and startDateTime !=''">
				and date_format(a.create_time,'%Y-%m-%d') between #{startDateTime} and #{endDateTime}
			</if>
	</select>
	
	<select id="getCreateCustomerCountByBranch" resultType="BigDecimal"  parameterType="java.util.Map">
		 select 
		 	count(*) 
		 from 
		 	crm_user_customer as a  
		 where 
		 	a.my_customer_type='1'
			and a.user_id in (
				select 
					b.user_id 
				from 
					sys_user_org_area as b 
				where 
					b.branch_org_id=#{branchOrgId}
				)
			<if test="startDateTime !=null and startDateTime !='null' and startDateTime !=''">
				and date_format(a.create_time,'%Y-%m-%d') between #{startDateTime} and #{endDateTime}
			</if>
	</select>
	
	<select id="getLossCustomerCountByBranch" resultType="BigDecimal"  parameterType="java.util.Map">
		 select 
		 	count(*) 
		 from 
		 	crm_customer_dynamic_log as a 
		 where 
		 	a.dynamic_type in ('13','14')
		 	and a.dynamic_user_id in (
				select 
					b.user_id 
				from 
					sys_user_org_area as b 
				where 
					b.branch_org_id=#{branchOrgId}
				)
			<if test="startDateTime !=null and startDateTime !='null' and startDateTime !=''">
				and date_format(a.create_date,'%Y-%m-%d') between #{startDateTime} and #{endDateTime}
			</if>	
	</select>
	
	<select id="getLossCustomerCountByUser" resultType="BigDecimal"  parameterType="java.util.Map">
		 select 
		 	count(*) 
		 from 
		 	crm_customer_dynamic_log as a 
		 where 
		 	a.dynamic_type in ('13','14')
		 	and a.dynamic_user_id=#{userId}
			<if test="startDateTime !=null and startDateTime !='null' and startDateTime !=''">
				and date_format(a.create_date,'%Y-%m-%d') between #{startDateTime} and #{endDateTime}
			</if>	
	</select>
	
	
	<select id="getCustomerListByRepetition" resultMap="defaultMap"  parameterType="java.util.Map">
		
		select * from crm_customer as a where a.mobile in ( 
			select c.mobile from (
				SELECT b.mobile,count(*) as countNum FROM crm_customer as b  group by b.mobile having countNum>1 
				) as c
			) 
			<if test="mobile !=null and mobile !='null' and mobile !=''">
				and a.mobile=#{mobile}
			</if>	
			and a.branch_org_id!=""   order by a.mobile,a.update_time desc
			limit #{startRow}, #{pageSize}
	</select>
	
	
	<select id="getCustomerListByRepetitionCount" resultType="long"  parameterType="java.util.Map">
		select count(*) from crm_customer as a where a.mobile in ( 
			select c.mobile from (
				SELECT b.mobile,count(*) as countNum FROM crm_customer as b  group by b.mobile having countNum>1 
				) as c
			) and a.branch_org_id!="" 
			<if test="mobile !=null and mobile !='null' and mobile !=''">
				and a.mobile=#{mobile}
			</if>
	</select>
	
	
	<select id="getCustomerCountByBranchOrgId" resultType="Integer"  parameterType="String">
		select 
			count(*) 
		from 
			crm_customer 
		where 
			branch_org_id=#{branchOrgId}
	</select>
	
	<select id="getCustomerCountByUserId" resultType="Integer"  parameterType="String">
		select 
			count(*) 
		from 
			crm_user_customer 
		where 
			user_id=#{userId}  and my_customer_type in ('1','2')
	</select>
</mapper>
