<?xml version="1.0" encoding="UTF-8"?>
<!DOCTYPE mapper PUBLIC "-//mybatis.org//DTD Mapper 3.0//EN" "http://mybatis.org/dtd/mybatis-3-mapper.dtd">
<mapper namespace="cn.daliedu.mapper.CustomerSelfDefineItemConfigDetailMapper">

    <!-- 通用查询映射结果 -->
    <resultMap id="BaseResultMap" type="cn.daliedu.entity.CustomerSelfDefineItemConfigDetailEntity">
        <result column="item_detail_id" property="itemDetailId" />
        <result column="item_id" property="itemId" />
        <result column="item_detail_name" property="itemDetailName" />
        <result column="order_num" property="orderNum" />
    </resultMap>

    <!-- 通用查询结果列 -->
    <sql id="Base_Column_List">
        item_detail_id, item_id, item_detail_name, order_num
    </sql>

    <!-- 通用别名查询结果列 -->
    <sql id="Alias_Base_Column_List">
        item_detail_id as itemDetailId, item_id as itemId, item_detail_name as itemDetailName, order_num as orderNum
    </sql>

    <!-- 通用别名查询结果列(建议复杂关联查询时，使用) -->
    <sql id="Alias_Param_Base_Column_List">
        ${alias}.item_detail_id as itemDetailId, ${alias}.item_id as itemId, ${alias}.item_detail_name as itemDetailName, ${alias}.order_num as orderNum
    </sql>
    
    <select id="getMaxCustomerSelfDefineItemDetailValueByItemId" parameterType="String" resultType="Integer">
   	 	select max(order_num) from crm_customer_self_define_item_config_detail where item_id=#{item_id}
	</select>
</mapper>
