<?xml version="1.0" encoding="UTF-8"?>
<!DOCTYPE mapper PUBLIC "-//mybatis.org//DTD Mapper 3.0//EN" "http://mybatis.org/dtd/mybatis-3-mapper.dtd">
<mapper namespace="cn.daliedu.mapper.CustomerTagLogMapper">

    <!-- 通用查询映射结果 -->
    <resultMap id="BaseResultMap" type="cn.daliedu.entity.CustomerTagLogEntity">
        <id column="id" property="id" />
        <result column="user_id" property="userId" />
        <result column="customer_id" property="customerId" />
        <result column="customer_tag_type_id" property="customerTagTypeId" />
        <result column="customer_tag_id" property="customerTagId" />
        <result column="customer_tag_value" property="customerTagValue" />
        <result column="create_date" property="createDate" />
    </resultMap>

</mapper>
