<?xml version="1.0" encoding="UTF-8"?>
<!DOCTYPE mapper PUBLIC "-//mybatis.org//DTD Mapper 3.0//EN" "http://mybatis.org/dtd/mybatis-3-mapper.dtd">
<mapper namespace="cn.daliedu.mapper.CustomerImportHistoryMapper">

    <!-- 通用查询映射结果 -->
    <resultMap id="BaseResultMap" type="cn.daliedu.entity.CustomerImportHistoryEntity">
        <id column="id" property="id" />
        <result column="user_id" property="userId" />
        <result column="customer_name" property="customerName" />
        <result column="sex" property="sex" />
        <result column="customer_source_type" property="customerSourceType" />
        <result column="customer_source_name" property="customerSourceName" />
        <result column="customer_source_name_value" property="customerSourceNameValue" />
        <result column="weixin_id" property="weixinId" />
        <result column="qq" property="qq" />
        <result column="mobile" property="mobile" />
        <result column="phone" property="phone" />
        <result column="email" property="email" />
        <result column="import_batch_no" property="importBatchNo" />
        <result column="remark" property="remark" />
        <result column="import_date" property="importDate" />
    </resultMap>

</mapper>
