<?xml version="1.0" encoding="UTF-8"?>
<!DOCTYPE mapper PUBLIC "-//mybatis.org//DTD Mapper 3.0//EN" "http://mybatis.org/dtd/mybatis-3-mapper.dtd">
<mapper namespace="cn.daliedu.mapper.DictManyMapper">

    <!-- 通用查询映射结果 -->
    <resultMap id="BaseResultMap" type="cn.daliedu.entity.DictManyEntity">
        <id column="tag_id" property="tagId" />
        <result column="tag" property="tag" />
        <result column="tag_name" property="tagName" />
        <result column="remark" property="remark" />
        <result column="order_num" property="orderNum" />
        <result column="create_by" property="createBy" />
        <result column="create_time" property="createTime" />
        <result column="update_by" property="updateBy" />
        <result column="update_time" property="updateTime" />
    </resultMap>
    
    <resultMap id="defaultMap" type="java.util.LinkedHashMap">
    </resultMap>
    
    <select id="getDictTypeList"  resultMap="defaultMap">
		select distinct tag,tag_name from sys_dict_many
	</select>
    
    

</mapper>
