<?xml version="1.0" encoding="UTF-8"?>
<!DOCTYPE mapper PUBLIC "-//mybatis.org//DTD Mapper 3.0//EN" "http://mybatis.org/dtd/mybatis-3-mapper.dtd">
<mapper namespace="cn.daliedu.mapper.DictManyDetailMapper">

    <!-- 通用查询映射结果 -->
    <resultMap id="BaseResultMap" type="cn.daliedu.entity.DictManyDetailEntity">
        <id column="detail_id" property="detailId" />
        <result column="tag_id" property="tagId" />
        <result column="detail_name" property="detailName" />
        <result column="order_num" property="orderNum" />
        <result column="create_by" property="createBy" />
        <result column="create_time" property="createTime" />
        <result column="update_by" property="updateBy" />
        <result column="update_time" property="updateTime" />
    </resultMap>

</mapper>
