<?xml version="1.0" encoding="UTF-8"?>
<!DOCTYPE mapper PUBLIC "-//mybatis.org//DTD Mapper 3.0//EN" "http://mybatis.org/dtd/mybatis-3-mapper.dtd">
<mapper namespace="cn.daliedu.mapper.DictMapper">

    <!-- 通用查询映射结果 -->
    <resultMap id="BaseResultMap" type="cn.daliedu.entity.DictEntity">
        <id column="id" property="id" />
        <result column="tag" property="tag" />
        <result column="name" property="name" />
        <result column="value" property="value" />
        <result column="remark" property="remark" />
        <result column="level" property="level" />
        <result column="available" property="available" />
        <result column="default_selected" property="defaultSelected" />
        <result column="is_edit" property="isEdit" />
        <result column="order_num" property="orderNum" />
        <result column="create_by" property="createBy" />
        <result column="create_time" property="createTime" />
        <result column="update_by" property="updateBy" />
        <result column="update_time" property="updateTime" />
    </resultMap>
    
    <resultMap id="defaultMap" type="java.util.LinkedHashMap">
    </resultMap>
    
    <select id="getDictType"  resultMap="defaultMap">
		select distinct tag,name from sys_dict
	</select>
    
    
    <select id="getValueMax" parameterType="String" resultType="java.lang.Integer">
	    select max(cast('value' as unsigned integer)) from sys_dict where tag=#{tag}
	</select>
</mapper>
