<?xml version="1.0" encoding="UTF-8"?>
<!DOCTYPE mapper PUBLIC "-//mybatis.org//DTD Mapper 3.0//EN" "http://mybatis.org/dtd/mybatis-3-mapper.dtd">
<mapper namespace="cn.daliedu.mapper.MenuMapper">

    <!-- 通用查询映射结果 -->
    <resultMap id="BaseResultMap" type="cn.daliedu.entity.MenuEntity">
        <id column="id" property="id" />
        <result column="parent_id" property="parentId" />
        <result column="parent_ids" property="parentIds" />
        <result column="name" property="name" />
        <result column="url" property="url" />
        <result column="type" property="type" />
        <result column="permission" property="permission" />
        <result column="is_show" property="isShow" />
        <result column="order_num" property="orderNum" />
        <result column="icon" property="icon" />
        <result column="creater_id" property="createrId" />
        <result column="creater_name" property="createrName" />
        <result column="create_time" property="createTime" />
        <result column="updater_id" property="updaterId" />
        <result column="updater_name" property="updaterName" />
        <result column="update_time" property="updateTime" />
        <result column="remark" property="remark" />
    </resultMap>
    
    
    <select id="getMenuListByRoleId" resultMap="BaseResultMap" parameterType="String">
		select * from sys_menu where id in (select menu_id from sys_role_menu where role_id=#{roleId})
	</select>
	
	<select id="getTreeMenuListByParentId" resultMap="BaseResultMap" parameterType="Integer">
		select 
    		a.* 
    	from 
    		sys_menu as a 
		where 
			a.id=#{parentId}
	union
		select a.* from sys_menu as a
				where 
					a.id
	 				in (
						select t3.id from (
	            			 select t1.*,
	             				if(find_in_set(parent_id, @pids) > 0, @pids := concat(@pids, ',', id), 0) as ischild
	             					from (
	                 				 select * from sys_menu t   order by parent_id, id
	                 			) t1,
	                		 (select @pids := #{parentId}) t2
	            		) t3 where ischild != 0
					)
	</select>
	
	<select id="getMenuListByUserId" resultMap="BaseResultMap" parameterType="String">
		select	distinct a.* 
    	from
       	 	sys_menu a,
       		sys_role_menu b,
			sys_user_role c
    	where
       		 a.id=b.menu_id and b.role_id=c.role_id  and c.user_id=#{userId}
	</select>
	


</mapper>
