<?xml version="1.0" encoding="UTF-8"?>
<!DOCTYPE mapper PUBLIC "-//mybatis.org//DTD Mapper 3.0//EN" "http://mybatis.org/dtd/mybatis-3-mapper.dtd">
<mapper namespace="cn.daliedu.mapper.NoticeMapper">

    <!-- 通用查询映射结果 -->
    <resultMap id="BaseResultMap" type="cn.daliedu.entity.NoticeEntity">
        <id column="id" property="id" />
        <result column="title" property="title" />
        <result column="release_user_id" property="releaseUserId" />
        <result column="create_date" property="createDate" />
        <result column="update_date" property="updateDate" />
        <result column="browse_count" property="browseCount" />
        <result column="content" property="content" />
        <result column="is_stop" property="isStop" />
    </resultMap>
    
    <resultMap id="defaultMap" type="java.util.LinkedHashMap">
    </resultMap>
    
    
    <select id="getNoticeList" resultMap="defaultMap" parameterType="java.util.Map">
    	select a.*,b.user_name as release_user_name from crm_notice as a, sys_user as b 
    		where 
    			a.release_user_id=b.id  order by is_stop desc, update_date desc
    	limit #{startRow}, #{pageSize}
	</select>
	
	<select id="getNoticeListCount" resultType="long" parameterType="java.util.Map">
		select count(*) from crm_notice as a, sys_user as b 
    		where 
    			a.release_user_id=b.id 
	</select>
    
    <select id="getNoticeById" resultMap="defaultMap" parameterType="string">
    	select a.*,b.user_name as release_user_name from crm_notice as a, sys_user as b 
    		where 
    			a.release_user_id=b.id  and a.id=#{id}
    	
	</select>
    
    
    

</mapper>
