<?xml version="1.0" encoding="UTF-8"?>
<!DOCTYPE mapper PUBLIC "-//mybatis.org//DTD Mapper 3.0//EN" "http://mybatis.org/dtd/mybatis-3-mapper.dtd">
<mapper namespace="cn.daliedu.mapper.OrgMapper">

    <!-- 通用查询映射结果 -->
    <resultMap id="BaseResultMap" type="cn.daliedu.entity.OrgEntity">
        <id column="id" property="id" />
        <result column="parent_id" property="parentId" />
        <result column="parent_ids" property="parentIds" />
        <result column="org_name" property="orgName" />
        <result column="org_type" property="orgType" />
        <result column="state" property="state" />
        <result column="order_num" property="orderNum" />
        <result column="remark" property="remark" />
        <result column="province_id" property="provinceId" />
        <result column="province_name" property="provinceName" />
        <result column="city_id" property="cityId" />
        <result column="city_name" property="cityName" />
        <result column="area_id" property="areaId" />
        <result column="area_name" property="areaName" />
        <result column="create_time" property="createTime" />
        <result column="full_name_path" property="fullNamePath" />
    </resultMap>
    
    <select id="getUserBusinessGroupListByUserId" resultMap="BaseResultMap"  parameterType="String">
    	select a.* from sys_org as a, sys_user_org_area as b where a.id=b.branch_org_id and b.user_id=#{userId}
    </select>
    
    <select id="getBranchOrgByCustomerId" resultMap="BaseResultMap"  parameterType="String">
    	select 
    		a.* 
    	from 
    		sys_org as a, crm_customer as b 
    	where 
    		a.id=b.branch_org_id and b.id=#{customerId}
    </select>
    
    <!-- 获取顶级节点以及代理商，代理商下的子节点 -->
    <select id="getAgentOrgList" resultMap="BaseResultMap">
     select * from sys_org t where t.org_type in (4,5,6)  and t.state='1'
    	<!-- select 
    		a.* 
    	from 
    		sys_org as a 
		where 
			a.parent_id=0 and a.state='1'
	union
		select a.* from sys_org as a
				where 
					a.id
	 				in (
						select t3.id from (
	            			 select t1.*,
	             				if(find_in_set(parent_id, @pids) > 0, @pids := concat(@pids, ',', id), 0) as ischild
	             					from (
	                 				 select * from sys_org t where t.org_type in (4,5,6)  and t.state='1'  order by parent_id, id
	                 			) t1,
	                		 (select @pids := 1) t2
	            		) t3 where ischild != 0
					) -->
    </select>
    
    <select id="getUserProvinceBranchDepartmentOrgList" resultMap="BaseResultMap"  parameterType="java.util.Map">
    	select 
    		* 
    	from 
    		sys_org as a
    	where 
    		a.id=(select b.parent_id from sys_org as b where b.id=#{orgId}) and a.state='1' 
	union
		select 
    		* 
    	from 
    		sys_org as a
    	where 
    		a.id=#{orgId} and a.state='1'
	union
		select 
			id,parent_id,parent_ids,org_name,org_type,state,order_num,remark,province_id,province_name,
			city_id,city_name,area_id,area_name,full_name_path,create_time 
		from (
            	select t1.*,
             			if(find_in_set(parent_id, @pids) > 0, @pids := concat(@pids, ',', id), 0) as ischild
             				from (
                 				select * from sys_org t where t.state='1'  order by parent_id, id
                 		) t1,
                	(select @pids := #{orgId}) t2
            	) t3 where ischild != 0		
    </select>
    
    <select id="getOrgListByBranchId" resultMap="BaseResultMap"  parameterType="java.util.Map">
    	select 
    		* 
    	from 
    		sys_org as a
    	where 
    		a.id=#{orgId} and a.state='1'
	union
		select 
			id,parent_id,parent_ids,org_name,org_type,state,order_num,remark,province_id,province_name,
			city_id,city_name,area_id,area_name,full_name_path,create_time 
		from (
            	select t1.*,
             			if(find_in_set(parent_id, @pids) > 0, @pids := concat(@pids, ',', id), 0) as ischild
             				from (
                 				select * from sys_org t where t.state='1' order by parent_id, id
                 		) t1,
                	(select @pids := #{orgId}) t2
            	) t3 where ischild != 0				
    </select>
	
</mapper>
