<?xml version="1.0" encoding="UTF-8"?>
<!DOCTYPE mapper PUBLIC "-//mybatis.org//DTD Mapper 3.0//EN" "http://mybatis.org/dtd/mybatis-3-mapper.dtd">
<mapper namespace="cn.daliedu.mapper.ParameterMapper">

    <!-- 通用查询映射结果 -->
    <resultMap id="BaseResultMap" type="cn.daliedu.entity.ParameterEntity">
        <id column="id" property="id" />
        <result column="param_name" property="paramName" />
        <result column="param_key" property="paramKey" />
        <result column="param_value" property="paramValue" />
        <result column="param_desc" property="paramDesc" />
        <result column="param_sort" property="paramSort" />
        <result column="creater_by_id" property="createrById" />
        <result column="creater_by_name" property="createrByName" />
        <result column="create_date_time" property="createDateTime" />
        <result column="updater_by_id" property="updaterById" />
        <result column="updater_by_name" property="updaterByName" />
        <result column="update_date_time" property="updateDateTime" />
    </resultMap>

</mapper>
