<?xml version="1.0" encoding="UTF-8"?>
<!DOCTYPE mapper PUBLIC "-//mybatis.org//DTD Mapper 3.0//EN" "http://mybatis.org/dtd/mybatis-3-mapper.dtd">
<mapper namespace="cn.daliedu.mapper.PhoneTypeMapper">

    <!-- 通用查询映射结果 -->
    <resultMap id="BaseResultMap" type="cn.daliedu.entity.PhoneTypeEntity">
        <id column="id" property="id" />
        <result column="phone_type" property="phoneType" />
        <result column="android_version" property="androidVersion" />
        <result column="directory" property="directory" />
        <result column="description" property="description" />
    </resultMap>

    <!-- 通用查询结果列 -->
    <sql id="Base_Column_List">
        id, phone_type, android_version, directory, description
    </sql>

    <!-- 通用别名查询结果列 -->
    <sql id="Alias_Base_Column_List">
        id as id, phone_type as phoneType, android_version as androidVersion, directory as directory, description as description
    </sql>

    <!-- 通用别名查询结果列(建议复杂关联查询时，使用) -->
    <sql id="Alias_Param_Base_Column_List">
        ${alias}.id as id, ${alias}.phone_type as phoneType, ${alias}.android_version as androidVersion, ${alias}.directory as directory, ${alias}.description as description
    </sql>
</mapper>
