<?xml version="1.0" encoding="UTF-8"?>
<!DOCTYPE mapper PUBLIC "-//mybatis.org//DTD Mapper 3.0//EN" "http://mybatis.org/dtd/mybatis-3-mapper.dtd">
<mapper namespace="cn.daliedu.mapper.ReportMapper">
	
	<!-- 暂时不清楚什么原因，自定义的与数据库表没有关联的Mapper不能写下面的defaultMap -->
	<!-- <resultMap id="defaultMap" type="java.util.LinkedHashMap">
    </resultMap> -->
    
    <select id="findContractReturnMoneyCount" resultType="java.util.HashMap"  parameterType="String">
    	select 
     		sum(already_return_money) as already_return_money, sum(no_return_money) as no_return_money 
     	from 
     		crm_contract_return_money_plan as d 
     	where d.contract_id=#{contractId}
    </select>
    
    
     <select id="findUserIdContractCount" resultType="java.util.HashMap"  parameterType="java.util.Map">
     	select 
     		count(*) as contract_count,sum(c.amount) as amount 
     	from 
     		crm_contract as c 
     	where 
     		c.create_user_id=#{userId}
     		<if test="startDateTime !=null and startDateTime !='null' and startDateTime !=''">
				and date_format(c.contract_date,'%Y-%m-%d') between #{startDateTime} and #{endDateTime}
			</if>
     </select>
     
     <select id="findUserIdContractReturnMoneyCount" resultType="java.util.HashMap"  parameterType="java.util.Map">
     	select 
     		sum(already_return_money) as already_return_money, sum(no_return_money) as no_return_money 
     	from 
     		crm_contract_return_money_plan as d 
     	where d.contract_id in (
					select 
						c.id 
					from 
						crm_contract as c 
					where c.create_user_id=#{userId}
				)
				<if test="startDateTime !=null and startDateTime !='null' and startDateTime !=''">
					and date_format(c.contract_date,'%Y-%m-%d') between #{startDateTime} and #{endDateTime}
				</if>
     </select>
    
    
     <select id="findOrgIdContractCount" resultType="java.util.HashMap"  parameterType="java.util.Map">
     	<!-- 统计每个部门下的员工的合同数据，查询逻辑为：1.先统计部门下有所有用户  2.再查询用户的所有合同 -->
     	select 
     		count(*) as contract_count,sum(c.amount) as amount 
     	from 
     		crm_contract as c 
     	where c.create_user_id in (
				select 
					a.user_id from sys_user_org as a, sys_org as b
				where a.org_id=b.id  and a.org_id=#{orgId}
			)
			<if test="startDateTime !=null and startDateTime !='null' and startDateTime !=''">
				and date_format(c.contract_date,'%Y-%m-%d') between #{startDateTime} and #{endDateTime}
			</if>
     </select>
     
     <select id="findOrgIdContractReturnMoneyCount" resultType="java.util.HashMap"  parameterType="java.util.Map">
     	<!-- 统计每个部门下的员工的合同回款数据，查询逻辑为：1.先统计部门下有所有用户  2.再查询用户的所有合同  3.再查询合同对应的所有回款计划 -->
     	select 
     		sum(already_return_money) as already_return_money, sum(no_return_money) as no_return_money 
     	from 
     		crm_contract_return_money_plan as d 
     	where d.contract_id in (
				select 
					c.id 
				from 
					crm_contract as c 
				where c.create_user_id in (
						select 
							a.user_id 
						from 
							sys_user_org as a, sys_org as b
						where a.org_id=b.id  and a.org_id=#{orgId}
					)
					<if test="startDateTime !=null and startDateTime !='null' and startDateTime !=''">
						and date_format(c.contract_date,'%Y-%m-%d') between #{startDateTime} and #{endDateTime}
					</if>
				)
     </select>
    
     <select id="findBranchOrgIdContractCount" resultType="java.util.HashMap"  parameterType="java.util.Map">
     	<!-- 统计分校下所有合同数,合同总金额，查询逻辑为：1.先查询出分校下有所有用户 2.再查询用户的所有合同数 -->
		select 
			count(*) as contract_count,sum(c.amount) as amount 
		from 
			crm_contract as c 
		where c.create_user_id in (
				select 
					a.id 
				from 
					sys_user as a, sys_user_org_area as b
				where a.id=b.user_id and b.branch_org_id in (${orgId})
				)
			<if test="startDateTime !=null and startDateTime !='null' and startDateTime !=''">
				and date_format(c.contract_date,'%Y-%m-%d') between #{startDateTime} and #{endDateTime}
			</if>
     </select>
     
     <select id="findBranchOrgIdContractReturnMoneyCount" resultType="java.util.HashMap"  parameterType="java.util.Map">
     <!-- 统计分校下所有已回款金额，未回款金额，查询逻辑为：1.先查询出分校下有所有用户  2.再查询用户的所有合同数 3.再查询合同对应的所有回款计划 -->
     	select 
     		sum(already_return_money) as already_return_money, sum(no_return_money) as no_return_money 
     	from 
     		crm_contract_return_money_plan as d 
     	where d.contract_id in (
				select 
					c.id 
				from 
					crm_contract as c 
				where c.create_user_id in (
						select 
							a.id 
						from 
							sys_user as a, sys_user_org_area as b
						where a.id=b.user_id and b.branch_org_id in (${orgId})
				)
				<if test="startDateTime !=null and startDateTime !='null' and startDateTime !=''">
					and date_format(c.contract_date,'%Y-%m-%d') between #{startDateTime} and #{endDateTime}
				</if>
			)
     </select>
     
     
     <select id="getContactCustomerCount" resultType="BigDecimal"  parameterType="java.util.Map">
		select 
			count(*) 
		from (
			select 
				customer_id 
			from 
				crm_user_customer_call as a 
			where 
				user_id=#{userId} and call_state='2' 
				<if test="startDateTime !=null and startDateTime !='null' and startDateTime !=''">
					and date_format(start_time,'%Y-%m-%d') between #{startDateTime} and #{endDateTime}
				</if>
			group by customer_id
		) as temp 
	</select>
	
	
	<select id="getCallCount" resultType="BigDecimal"  parameterType="java.util.Map">
		select 
			count(*)
		from 
			crm_user_customer_call
		where 
			user_id=#{userId} and call_state='2' 
			<if test="startDateTime !=null and startDateTime !='null' and startDateTime !=''">
				and date_format(start_time,'%Y-%m-%d') between #{startDateTime} and #{endDateTime}
			</if>
	</select>
	
	<select id="getFollowRecoreCount" resultType="BigDecimal"  parameterType="java.util.Map">
		select 
			count(*) 
		from 
			crm_customer_dynamic_log 
		where  
			dynamic_user_id=#{userId}  and dynamic_type not in ('1','2')
			<if test="startDateTime !=null and startDateTime !='null' and startDateTime !=''">
				and  date_format(create_date,'%Y-%m-%d')  between #{startDateTime} and #{endDateTime}
			</if>
			
	</select>
</mapper>
