<?xml version="1.0" encoding="UTF-8"?>
<!DOCTYPE mapper PUBLIC "-//mybatis.org//DTD Mapper 3.0//EN" "http://mybatis.org/dtd/mybatis-3-mapper.dtd">
<mapper namespace="cn.daliedu.mapper.RoleMenuMapper">

    <!-- 通用查询映射结果 -->
    <resultMap id="BaseResultMap" type="cn.daliedu.entity.RoleMenuEntity">
        <id column="id" property="id" />
        <result column="role_id" property="roleId" />
        <result column="menu_id" property="menuId" />
        <result column="creater_id" property="createrId" />
        <result column="creater_name" property="createrName" />
        <result column="create_time" property="createTime" />
    </resultMap>

</mapper>
