<?xml version="1.0" encoding="UTF-8"?>
<!DOCTYPE mapper PUBLIC "-//mybatis.org//DTD Mapper 3.0//EN" "http://mybatis.org/dtd/mybatis-3-mapper.dtd">
<mapper namespace="cn.daliedu.mapper.RoleMapper">

    <!-- 通用查询映射结果 -->
    <resultMap id="BaseResultMap" type="cn.daliedu.entity.RoleEntity">
        <id column="id" property="id" />
        <result column="name" property="name" />
        <result column="is_admin" property="isAdmin" />
        <result column="available" property="available" />
        <result column="creater_id" property="createrId" />
        <result column="creater_name" property="createrName" />
        <result column="create_time" property="createTime" />
        <result column="remark" property="remark" />
    </resultMap>
    
    <resultMap id="defaultMap" type="java.util.LinkedHashMap">
	</resultMap>
	
	<select id="getRoleListByAddUser" resultMap="BaseResultMap"  parameterType="java.util.Map">
		<if test='userType !=null and userType !="null" and userType !="" and userType=="1"'>
			select * from sys_role where id in ('2','3','4')
		</if>
		<if test='userType !=null and userType !="null" and userType !="" and userType=="2"'>
			select * from sys_role where id in ('3','4')
		</if>
	</select>
    
    <select id="getUserRoleIdsByUserId" resultType="int" parameterType="java.util.Map">
		select role_id
		from sys_user_role
		where user_id = #{userId}
		<if test="pageSize  != null">
			limit #{startRow}, #{pageSize}
		</if>
	</select>
	
	<select id="getUserRoleList" resultMap="BaseResultMap"  parameterType="java.util.Map">
		select *
		from sys_user_role
		where user_id = #{userId}
		<if test="pageSize  != null">
			limit #{startRow}, #{pageSize}
		</if>
	</select>

</mapper>
