<?xml version="1.0" encoding="UTF-8"?>
<!DOCTYPE mapper PUBLIC "-//mybatis.org//DTD Mapper 3.0//EN" "http://mybatis.org/dtd/mybatis-3-mapper.dtd">
<mapper namespace="cn.daliedu.mapper.SmsTemplateMapper">

    <!-- 通用查询映射结果 -->
    <resultMap id="BaseResultMap" type="cn.daliedu.entity.SmsTemplateEntity">
        <id column="template_id" property="templateId" />
        <result column="template_name" property="templateName" />
        <result column="template_code" property="templateCode" />
        <result column="template_content" property="templateContent" />
        <result column="param1" property="param1" />
        <result column="param2" property="param2" />
        <result column="param3" property="param3" />
    </resultMap>

</mapper>
