<?xml version="1.0" encoding="UTF-8"?>
<!DOCTYPE mapper PUBLIC "-//mybatis.org//DTD Mapper 3.0//EN" "http://mybatis.org/dtd/mybatis-3-mapper.dtd">
<mapper namespace="cn.daliedu.mapper.TaskMapper">

    <!-- 通用查询映射结果 -->
    <resultMap id="BaseResultMap" type="cn.daliedu.entity.TaskEntity">
        <id column="id" property="id" />
        <result column="job_name" property="jobName" />
        <result column="description" property="description" />
        <result column="cron_expression" property="cronExpression" />
        <result column="bean_class" property="beanClass" />
        <result column="job_status" property="jobStatus" />
        <result column="job_group" property="jobGroup" />
        <result column="user_id" property="userId" />
        <result column="create_date_time" property="createDateTime" />
        <result column="update_user_id" property="updateUserId" />
        <result column="update_date_time" property="updateDateTime" />
    </resultMap>

</mapper>
