<?xml version="1.0" encoding="UTF-8"?>
<!DOCTYPE mapper PUBLIC "-//mybatis.org//DTD Mapper 3.0//EN" "http://mybatis.org/dtd/mybatis-3-mapper.dtd">
<mapper namespace="cn.daliedu.mapper.UserMapper">

    <!-- 通用查询映射结果 -->
    <resultMap id="BaseResultMap" type="cn.daliedu.entity.UserEntity">
        <id column="id" property="id" />
        <result column="login_name" property="loginName" />
        <result column="password" property="password" />
        <result column="salt" property="salt" />
        <result column="data_scope" property="dataScope" />
        <result column="user_type" property="userType" />
        <result column="user_name" property="userName" />
        <result column="mobile" property="mobile" />
        <result column="state" property="state" />
        <result column="sex" property="sex" />
        <result column="email" property="email" />
        <result column="company_name" property="companyName" />
        <result column="org_id" property="orgId" />
        <result column="org_name" property="orgName" />
        <result column="org_names" property="orgNames" />
        <result column="department" property="department" />
        <result column="job" property="job" />
        <result column="trade" property="trade" />
        <result column="address" property="address" />
        <result column="site" property="site" />
        <result column="weixin_author_id" property="weixinAuthorId" />
        <result column="email_author_id" property="emailAuthorId" />
        <result column="login_time" property="loginTime" />
        <result column="create_time" property="createTime" />
        <result column="pre_login_time" property="preLoginTime" />
        <result column="this_login_time" property="thisLoginTime" />
        <result column="province_id" property="provinceId" />
        <result column="province_name" property="provinceName" />
        <result column="city_id" property="cityId" />
        <result column="city_name" property="cityName" />
        <result column="area_id" property="areaId" />
        <result column="area_name" property="areaName" />
        <result column="create_user_id" property="createUserId" />
        <result column="update_user_id" property="updateUserId" />
    </resultMap>
    
    <!-- 自定义，专门用来返回自定义sql结果集的map,mybatis plus必需要有这样的map进行对应，
    	你这个map里面定义的列，跟数据库查出来的列不一样都没事，但必需有，所以当有这样的需求，我就定义一个空的map，也可以节省开发工作量 -->
    <resultMap id="defaultMap" type="java.util.LinkedHashMap">
    </resultMap>
    
    <select id="findUserListByUserType" resultMap="defaultMap"  parameterType="java.util.Map">
    	<choose>
			<!-- 加载系统的超级管理员或区域管理员 -->
        	<when test="searchType !=null and searchType !='null' and searchType !='' and searchType=='1'">
                select a.* from sys_user as a where a.user_type=#{userType} and a.state='1'
                <if test="pageSize != null">
					limit #{startRow}, #{pageSize}
				</if>
            </when>
            <otherwise>
            	<!-- 加载交接人所在的分校的分校管理员,加载交接人所在的部门管理员 -->
            	select 
            		a.* 
            	from 
            		sys_user as a,sys_user_org as b 
            	where 
            		a.id=b.user_id and a.user_type=#{userType} and a.state='1' and a.org_id = (
						select a1.org_id from sys_user as a1, sys_user_org as b1 where a1.id=b1.user_id and a1.id=#{userId}
					)
				<if test="pageSize != null">
					limit #{startRow}, #{pageSize}
				</if>
            </otherwise>
        </choose>
    </select>
    
    
    <select id="findUserListByUserTypeCount" resultType="long"  parameterType="java.util.Map">
    	<choose>
			<!-- 加载系统的超级管理员或区域管理员 -->
        	<when test="searchType !=null and searchType !='null' and searchType !='' and searchType=='1'">
                select count(*) from sys_user as a where a.user_type=#{userType} and a.state='1'
            </when>
            <otherwise>
            	<!-- 加载交接人所在的分校的分校管理员,加载交接人所在的部门管理员 -->
            	select count(*) from (select 
            		a.* 
            	from 
            		sys_user as a,sys_user_org as b 
            	where 
            		a.id=b.user_id and a.user_type=#{userType} and a.state='1' and a.org_id = (
						select a1.org_id from sys_user as a1, sys_user_org as b1 where a1.id=b1.user_id and a1.id=#{userId}
					)
				) as temp
            </otherwise>
        </choose>
    </select>
    
    <select id="findAgentUserListByUserId" resultMap="defaultMap"  parameterType="java.util.Map">
    	<choose>
			<!-- 超级管理员可以加载所有代理商 -->
        	<when test='searchType !=null and searchType !="null" and searchType !="" and searchType=="1"'>
        		select * from sys_user where user_type='7' and state='1' 
        	</when>
            <otherwise>
            	select * from sys_user where user_type='7' and state='1' and create_user_id=#{userId}
            </otherwise>
        </choose>
    </select>
    
    <select id="findAgentUserListByUserIdCount" resultType="long"  parameterType="java.util.Map">
    	<choose>
			<!-- 超级管理员可以加载所有代理商 -->
        	<when test='searchType !=null and searchType !="null" and searchType !="" and searchType=="1"'>
        		select count(*) from sys_user where user_type='7' and state='1' 
        	</when>
            <otherwise>
            	select count(*) from sys_user where user_type='7' and state='1' and create_user_id=#{userId}
            </otherwise>
        </choose>
    </select>
    
    
    <!-- 针对当前登录的用户，查询自己发展的代理商 -->
    <select id="findUserListByAgent" resultMap="defaultMap"  parameterType="java.util.Map">
    	<choose>
			<!-- 超级管理员可以加载所有代理商 -->
        	<when test='userType !=null and userType !="null" and userType !="" and userType=="1"'>
                select * from (
					<!-- 查询当前组织下的代理商用户-->
					select b.*,c.org_type from sys_user as b, sys_user_org as a,sys_org as c
					where 
						a.user_id=b.id and a.org_id=c.id and  b.state=#{state} and b.user_type='7'  and a.org_id=#{orgId}
					<if test="loginNameOrUserName !=null and loginNameOrUserName !='null' and loginNameOrUserName !=''">
						and b.user_name like '%${loginNameOrUserName}%'
					</if>
				union
				select b.*,c.org_type from sys_user as b, sys_user_org as a,sys_org as c
					where 
						a.user_id=b.id and a.org_id=c.id and  b.state=#{state} and b.user_type='7'  and a.org_id=#{orgId}
					<if test="loginNameOrUserName !=null and loginNameOrUserName !='null' and loginNameOrUserName !=''">
						and b.login_name=#{loginNameOrUserName}
					</if>
				) as temp where 1=1  
				<!-- 如果哪天有需求，要按分校查询代理商用户，则会执行下面的代码 -->
				<if test="branchOrgId !=null and branchOrgId !='null' and branchOrgId !=''">
						and temp.id in (
					select e.user_id from sys_user_org_area as e where e.branch_org_id=#{branchOrgId}
				)
				</if>
				<if test="pageSize != null">
					limit #{startRow}, #{pageSize}
				</if>
            </when>
            <otherwise>
            	select * from (
					<!-- 查询当前组织下我创建的代理商用户-->
					select b.*,c.org_type from sys_user as b, sys_user_org as a,sys_org as c
					where 
						a.user_id=b.id and a.org_id=c.id and b.state=#{state} and b.user_type='7' and b.create_user_id=#{createUserId} and a.org_id=#{orgId}
					<if test="loginNameOrUserName !=null and loginNameOrUserName !='null' and loginNameOrUserName !=''">
						and b.user_name like '%${loginNameOrUserName}%'
					</if>
				union
					select b.*,c.org_type from sys_user as b, sys_user_org as a,sys_org as c
					where 
						a.user_id=b.id and a.org_id=c.id and b.state=#{state} and b.user_type='7' and b.create_user_id=#{createUserId} and a.org_id=#{orgId}
					<if test="loginNameOrUserName !=null and loginNameOrUserName !='null' and loginNameOrUserName !=''">
						and b.login_name=#{loginNameOrUserName}
					</if>
				) as temp where 1=1  
				<!-- 如果哪天有需求，要按分校查询代理商用户，则会执行下面的代码 -->
				<if test="branchOrgId !=null and branchOrgId !='null' and branchOrgId !=''">
						and temp.id in (
					select e.user_id from sys_user_org_area as e where e.branch_org_id=#{branchOrgId}
				)
				</if>
            </otherwise>
        </choose>
    </select>
    
    <select id="findUserListByAgentCount" resultType="long"  parameterType="java.util.Map">
    	<choose>
			<!-- 超级管理员可以加载所有代理商 -->
        	<when test='userType !=null and userType !="null" and userType !="" and userType=="1"'>
                select count(*) from (
					<!-- 查询当前组织下的代理商用户-->
					select b.*,c.org_type from sys_user as b, sys_user_org as a,sys_org as c
					where 
						a.user_id=b.id and a.org_id=c.id and b.state=#{state} and b.user_type='7'  and a.org_id=#{orgId}
					<if test="loginNameOrUserName !=null and loginNameOrUserName !='null' and loginNameOrUserName !=''">
						and b.user_name like '%${loginNameOrUserName}%'
					</if>
				union
				select b.*,c.org_type from sys_user as b, sys_user_org as a,sys_org as c
					where 
						a.user_id=b.id and a.org_id=c.id and b.state=#{state} and b.user_type='7'  and a.org_id=#{orgId}
					<if test="loginNameOrUserName !=null and loginNameOrUserName !='null' and loginNameOrUserName !=''">
						and b.login_name=#{loginNameOrUserName}
					</if>
				) as temp where 1=1  
				<if test="branchOrgId !=null and branchOrgId !='null' and branchOrgId !=''">
						and temp.id in (
					select e.user_id from sys_user_org_area as e where e.branch_org_id=#{branchOrgId}
				)
				</if>
            </when>
            <otherwise>
            	select count(*) from (
					<!-- 查询当前组织下我创建的代理商用户-->
					select b.*,c.org_type from sys_user as b, sys_user_org as a,sys_org as c
					where 
						a.user_id=b.id and a.org_id=c.id and b.state=#{state} and b.user_type='7' and b.create_user_id=#{createUserId} and a.org_id=#{orgId}
					<if test="loginNameOrUserName !=null and loginNameOrUserName !='null' and loginNameOrUserName !=''">
						and b.user_name like '%${loginNameOrUserName}%'
					</if>
				union
					select b.*,c.org_type from sys_user as b, sys_user_org as a,sys_org as c
					where 
						a.user_id=b.id and a.org_id=c.id and b.state=#{state} and b.user_type='7' and b.create_user_id=#{createUserId} and a.org_id=#{orgId}
					<if test="loginNameOrUserName !=null and loginNameOrUserName !='null' and loginNameOrUserName !=''">
						and b.login_name=#{loginNameOrUserName}
					</if>
				) as temp where 1=1  
				<if test="branchOrgId !=null and branchOrgId !='null' and branchOrgId !=''">
						and temp.id in (
					select e.user_id from sys_user_org_area as e where e.branch_org_id=#{branchOrgId}
				)
				</if>
            </otherwise>
        </choose>
    </select>
    
    
    <select id="getUserListByOrgId" resultMap="BaseResultMap"  parameterType="string">
    	select a.* from sys_user as a, sys_user_org as b where a.id=b.user_id and b.org_id=#{orgId}
    </select>
    
    <select id="getUserListByBranchOrgId" resultMap="BaseResultMap"  parameterType="java.util.Map">
    	<!-- 此接口有时间再改造，需要使用sys_user关联，sys_org表的方式， -->
    	select 
    		a.* 
    	from 
    		sys_user as a, sys_user_org_area as b 
    	where 
    		a.id=b.user_id and b.branch_org_id=#{branchOrgId} and user_type in ('3','4','5','6') and state='1'
		<if test="pageSize !=null">
			limit #{startRow}, #{pageSize}
		</if>
	</select>
	
	<select id="getUserListByBranchOrgIdCount" resultType="long" parameterType="java.util.Map">
    	select count(*) from (
			select 
    		a.* 
    	from 
    		sys_user as a, sys_user_org_area as b 
    	where 
    		a.id=b.user_id and b.branch_org_id=#{branchOrgId} and user_type in ('3','4','5','6')  and state='1'
				
			) as temp 
	</select>
    
    <select id="findUserListByUserState" resultMap="defaultMap"  parameterType="java.util.Map">
    	<choose>
			<!-- 超级管理员可以加载所有的用户 -->
        	<when test='userType !=null and userType !="null" and userType !="" and userType=="1"'>
                select a.* from sys_user as a  where  a.state=#{state}
                <if test="pageSize !=null">
					limit #{startRow}, #{pageSize}
				</if>
            </when>
            <!-- 区域管理员加载自己有权限范围的分校内的用户，还需要通过程序再加载分校子节点下的用户,传多个分校又没办法直接通过sql查子孙节点，
            	除非去写存储过程，如果sql加载一部分，java加载子孙节点，又没有办法是同一个结果集去分页，
            	所以变通一下，查杀用户分校范围表，直接查这个分校有哪些人即可，但下面的分校管理员，部门管理员不能使用这种方式，因为部门管理员不能获取整个分校的数据 -->
            <when test='userType !=null and userType !="null" and userType !="" and userType=="2"'>
                select a.* 
                from 
                	sys_user as a, sys_user_org_area as b  
                where a.id=b.user_id and b.branch_org_id in (${branchOrgId})  and a.state=#{state}
                <if test="pageSize !=null">
					limit #{startRow}, #{pageSize}
				</if> 
            </when>
            <!-- 分校管理员, 部门管理员查询分校子孙节点下已经禁用的，已经离职的用户 -->
            <otherwise>
            	select * from (
            	select a.* from sys_user as a, sys_user_org as b  where a.id=b.user_id and b.org_id=#{orgId}
 					and a.state=#{state}
				union 
					select a.* from sys_user as a, sys_user_org as b  where a.id=b.user_id and b.org_id in(
						select t3.id from (
	            			 select t1.*,
	             				if(find_in_set(parent_id, @pids) > 0, @pids := concat(@pids, ',', id), 0) as ischild
	             					from (
	                 				 select * from sys_org t  order by parent_id, id
	                 			) t1,
	                		 (select @pids := #{orgId}) t2
	            			) t3 where ischild != 0
						)
				and a.state=#{state}
				) as temp
				<if test="pageSize !=null">
					limit #{startRow}, #{pageSize}
				</if>
            </otherwise>
        </choose>
    </select>
    
    <select id="findUserListByUserStateCount" resultType="long"  parameterType="java.util.Map">
    	<choose>
			<!-- 超级管理员可以加载所有的用户 -->
        	<when test='userType !=null and userType !="null" and userType !="" and userType=="1"'>
                select count(*) from sys_user as a  where  a.state=#{state}
            </when>
            <!-- 区域管理员加载自己有权限范围的分校内的用户，还需要通过程序再加载分校子节点下的用户 -->
            <when test='userType !=null and userType !="null" and userType !="" and userType=="2"'>
                select count(*) from (
                	select a.*
	                from 
	                	sys_user as a, sys_user_org_area as b  
	                where a.id=b.user_id and b.branch_org_id in (${branchOrgId})  and a.state=#{state}
	                ) as temp
            </when>
            <!-- 分校管理员, 部门管理员查询分校子孙节点下已经禁用的，已经离职的用户 -->
            <otherwise>
            	select count(*) from (
            	select a.* from sys_user as a, sys_user_org as b  where a.id=b.user_id and b.org_id=#{orgId}
 					and a.state=#{state}
				union 
					select a.* from sys_user as a, sys_user_org as b  where a.id=b.user_id and b.org_id in(
						select t3.id from (
	            			 select t1.*,
	             				if(find_in_set(parent_id, @pids) > 0, @pids := concat(@pids, ',', id), 0) as ischild
	             					from (
	                 				 select * from sys_org t  order by parent_id, id
	                 			) t1,
	                		 (select @pids := #{orgId}) t2
	            			) t3 where ischild != 0
						)
				and a.state=#{state}
				) as temp
            </otherwise>
        </choose>
    </select>
    
    
    
    <select id="getShareRelationUsers" resultMap="defaultMap"  parameterType="String">
		select 
			a.id,a.user_name 
		from sys_user as a, crm_user_customer as b 
		where 
			a.id=b.user_id and b.customer_id=#{customerId}   and  b.my_customer_type='2'
	</select>
	
	
    <select id="getUserNameAndOrgNameByUserId" resultMap="defaultMap"  parameterType="String">
		select 
			a.user_name as userName, b.org_name as orgName 
		from 
			sys_user as a, sys_org as b 
		where 
			a.org_id=b.id and a.id=#{userId}
	</select>
	
	<!-- 只查询指定机构下的用户 -->
	<select id="findUserListByOrgId" resultMap="defaultMap"  parameterType="java.util.Map">
		<!-- 查询当前机构下的用户 -->
		select * from (
			select c.*,a.org_type from sys_org as a, sys_user_org as b, sys_user as c 
				where 
					a.id=b.org_id and b.user_id=c.id  and c.state='1' and  a.id=#{orgId}
					<if test="userName !=null and userName !='null' and userName !=''">
						and c.user_name like '%${userName}%'
					</if>
			union
			select c.*,a.org_type from sys_org as a, sys_user_org as b, sys_user as c 
				where 
					a.id=b.org_id and b.user_id=c.id   and c.state='1' and  a.id=#{orgId}
					<if test="userName !=null and userName !='null' and userName !=''">
						and c.login_name=#{userName}
					</if>
			) as temp order by user_type
			<if test="pageSize !=null">
				limit #{startRow}, #{pageSize}
			</if>
	</select>
	
	<select id="findUserListByOrgIdCount" resultType="long"   parameterType="java.util.Map">
		<!-- 查询当前机构下的用户 -->
		select count(*) from (
			select c.*,a.org_type from sys_org as a, sys_user_org as b, sys_user as c 
				where 
					a.id=b.org_id and b.user_id=c.id  and c.state='1' and  a.id=#{orgId}
					<if test="userName !=null and userName !='null' and userName !=''">
						and c.user_name like '%${userName}%'
					</if>
			union
			select c.*,a.org_type from sys_org as a, sys_user_org as b, sys_user as c 
				where 
					a.id=b.org_id and b.user_id=c.id   and c.state='1' and  a.id=#{orgId}
					<if test="userName !=null and userName !='null' and userName !=''">
						and c.login_name=#{userName}
					</if>
			) as temp 
	</select>
	<!-- 查询机构下面的用户列表，还创建了一个findUserByOrgId方法，不加载子孙节点下的用户 -->
	<select id="findUserListByOrgIdAndChildren" resultMap="defaultMap"  parameterType="java.util.Map">
	<!-- 不要采用or，会出问题，使用union，本身就有数据去重的功能 -->
		<!-- select * from sys_user a, sys_user_org b where a.id=b.user_id and b.org_id=#{orgId}
		<if test="name !=null and name !='null' and name !=''">
			and a.user_name like '%${name}%' or a.login_name like '%${name}%'
		</if>
		limit #{startRow}, #{pageSize} -->
		
		
		<!-- 查询当前机构下的用户 -->
		select * from (
			select c.* from sys_org as a, sys_user_org as b, sys_user as c 
				where 
					a.id=b.org_id and b.user_id=c.id  and c.state='1' and  a.id=#{orgId}
					<if test="userName !=null and userName !='null' and userName !=''">
						and c.user_name like '%${userName}%'
					</if>
			union
			<!-- 查询当前机构的子孙机构下的用户 -->
			select c.* from sys_org as a, sys_user_org as b, sys_user as c 
				where 
					a.id=b.org_id and b.user_id=c.id  and c.state='1' and a.id
	 				in (
						select t3.id from (
	            			 select t1.*,
	             				if(find_in_set(parent_id, @pids) > 0, @pids := concat(@pids, ',', id), 0) as ischild
	             					from (
	                 				 select * from sys_org t order by parent_id, id
	                 			) t1,
	                		 (select @pids := #{orgId}) t2
	            		) t3 where ischild != 0
					)
				<if test="userName !=null and userName !='null' and userName !=''">
						and c.user_name like '%${userName}%'
				</if>
			union
			select c.* from sys_org as a, sys_user_org as b, sys_user as c 
				where 
					a.id=b.org_id and b.user_id=c.id   and c.state='1' and  a.id=#{orgId}
					<if test="userName !=null and userName !='null' and userName !=''">
						and c.login_name=#{userName}
					</if>
			union
			<!-- 查询当前机构的子孙机构下的用户 -->
			select c.* from sys_org as a, sys_user_org as b, sys_user as c 
				where 
					a.id=b.org_id and b.user_id=c.id  and c.state='1' and a.id
	 				in (
						select t3.id from (
	            			 select t1.*,
	             				if(find_in_set(parent_id, @pids) > 0, @pids := concat(@pids, ',', id), 0) as ischild
	             					from (
	                 				 select * from sys_org t order by parent_id, id
	                 			) t1,
	                		 (select @pids := #{orgId}) t2
	            		) t3 where ischild != 0
					)
				<if test="userName !=null and userName !='null' and userName !=''">
						and c.login_name=#{userName}
				</if>
			) as temp order by user_type
			limit #{startRow}, #{pageSize}
	</select>
	
	<!-- 查询机构下面的用户列表数量，供分页使用 -->
	<select id="findUserListByOrgIdAndChildrenCount" resultType="long"  parameterType="java.util.Map">
		select count(*) from (
		<!-- 查询当前机构下的用户 -->
		select c.* from sys_org as a, sys_user_org as b, sys_user as c 
			where 
				a.id=b.org_id and b.user_id=c.id    and c.state='1' and  a.id=#{orgId}
				<if test="userName !=null and userName !='null' and userName !=''">
					and c.user_name like '%${userName}%'
				</if>
		union
		<!-- 查询当前机构的子孙机构下的用户 -->
		select c.* from sys_org as a, sys_user_org as b, sys_user as c 
			where 
				a.id=b.org_id and b.user_id=c.id   and c.state='1' and a.id
 				in (
					select t3.id from (
            			 select t1.*,
             				if(find_in_set(parent_id, @pids) > 0, @pids := concat(@pids, ',', id), 0) as ischild
             					from (
                 				 select * from sys_org t order by parent_id, id
                 			) t1,
                		 (select @pids := #{orgId}) t2
            		) t3 where ischild != 0
				)
			<if test="userName !=null and userName !='null' and userName !=''">
					and c.user_name like '%${userName}%'
			</if>
		union
		select c.* from sys_org as a, sys_user_org as b, sys_user as c 
			where 
				a.id=b.org_id and b.user_id=c.id    and c.state='1' and  a.id=#{orgId}
				<if test="userName !=null and userName !='null' and userName !=''">
					and c.login_name=#{userName}
				</if>
		union
		<!-- 查询当前机构的子孙机构下的用户 -->
		select c.* from sys_org as a, sys_user_org as b, sys_user as c 
			where 
				a.id=b.org_id and b.user_id=c.id   and c.state='1' and a.id
 				in (
					select t3.id from (
            			 select t1.*,
             				if(find_in_set(parent_id, @pids) > 0, @pids := concat(@pids, ',', id), 0) as ischild
             					from (
                 				 select * from sys_org t order by parent_id, id
                 			) t1,
                		 (select @pids := #{orgId}) t2
            		) t3 where ischild != 0
				)
			<if test="userName !=null and userName !='null' and userName !=''">
					and c.login_name=#{userName}
			</if>
			) as temp
	
		<!-- select count(*) from (
			select a.*,c.role_id from sys_user as a, sys_user_org as b, sys_user_role as c 
				where a.id=b.user_id and a.id=c.user_id
			<if test="name !=null and name !='null' and name !=''">
				and a.user_name like '%${name}%'
			</if>
			<if test="state !=null and state !='null' and state !=''">
				and a.state=#{state}
			</if>
			<if test="orgId !=null">
				and b.org_id=#{orgId}
			</if>
		union
			select a.*,c.role_id from sys_user as a, sys_user_org as b, sys_user_role as c 
				where a.id=b.user_id and a.id=c.user_id
			<if test="name !=null and name !='null' and name !=''">
				a.login_name like '%${name}%'
			</if>
			<if test="state !=null and state !='null' and state !=''">
				and a.state=#{state}
			</if>
			<if test="orgId !=null">
				and b.org_id=#{orgId}
			</if>
			) as temp -->
	</select>
	
	
	
	
	<select id="getFollowUserList" resultMap="BaseResultMap"  parameterType="java.util.Map">
		<choose>
			<!-- 超级管理员可以加载所有员工 -->
        	<when test='userType !=null and userType !="null" and userType !="" and userType=="1"'>
                select * from sys_user as a where state='1' and a.user_type in ('2','3','4','5','6')
                <if test="userName !=null and userName !='null' and userName !=''">
						and a.user_name like '%${userName}%'
				</if>
				limit #{startRow}, #{pageSize}
            </when>
            <otherwise>
            	select  a.* from sys_user as a where a.id in (
					select b.user_id from sys_user_org_area as b where b.branch_org_id in (
						select c.branch_org_id from sys_user_org_area as c where c.user_id=#{userId}
						)
					) and a.user_type in ('2','3','4','5','6')  and a.state='1' and a.id!=#{userId}
					<if test="userName !=null and userName !='null' and userName !=''">
							and a.user_name like '%${userName}%'
					</if>
					limit #{startRow}, #{pageSize}
            </otherwise>
        </choose>
	</select>
	
	<select id="getFollowUserListCount" resultType="long"  parameterType="java.util.Map">
		<choose>
			<!-- 超级管理员可以加载所有员工 -->
        	<when test='userType !=null and userType !="null" and userType !="" and userType=="1"'>
                select count(*) from sys_user as a where state='1' and a.user_type in ('2','3','4','5','6')
                <if test="userName !=null and userName !='null' and userName !=''">
						and a.user_name like '%${userName}%'
				</if>
            </when>
            <otherwise>
            	select  count(*) from sys_user as a where a.id in (
					select b.user_id from sys_user_org_area as b where b.branch_org_id in (
						select c.branch_org_id from sys_user_org_area as c where c.user_id=#{userId}
						)
					) and a.user_type in ('2','3','4','5','6')  and a.state='1' and a.id!=#{userId}
					<if test="userName !=null and userName !='null' and userName !=''">
							and a.user_name like '%${userName}%'
					</if>
            </otherwise>
        </choose>
	</select>
	
	
	<select id="getReceiptUserList" resultMap="defaultMap"  parameterType="java.util.Map">
		select a.id as id, a.user_name as userName from sys_user  as a 
		where 
			a.user_type in ('2','3') and a.state='1'
		<if test="userName !=null and userName !='null' and userName !=''">
				and a.user_name=#{userName}
		</if>
		limit #{startRow}, #{pageSize}
	</select>
	
	<select id="getReceiptUserListCount" resultType="long"  parameterType="java.util.Map">
		select count(*) from sys_user as a 
		where 
			a.user_type in ('2','3') and a.state='1'
		<if test="userName !=null and userName !='null' and userName !=''">
			and a.user_name=#{userName}
		</if>
	</select>
	
	<select id="getCallRankingByContactList" resultMap="defaultMap"  parameterType="java.util.Map">
		select (@i:=@i+1) as pm,temp.* from (
			select  
				t.id, t.user_name, 
				IFNULL(t.call_count_success/t.call_count,0) as success_rate,  
				t.call_time, t.call_count, t.call_count_success,
				IFNULL(cast(t.call_time/t.call_count  as decimal(9,0)),0) as call_avg_time
			from (
				select 
					a.id,a.user_name,
					IFNULL((select sum(c.call_time) from crm_user_customer_call as c where a.id=c.user_id),0) as call_time, 
					(select count(*) from crm_user_customer_call as c where a.id=c.user_id) as call_count,
					(select count(*) from crm_user_customer_call as c where a.id=c.user_id and c.call_state='2') as call_count_success
				from 
					sys_user as a, sys_user_org_area as b
				where 
					a.id=b.user_id   and b.branch_org_id=#{branchOrgId}
			) as t   
			where 
				t.id in 
					(select user_id from crm_user_customer_call where 1=1 
					<if test="startDateTime !=null and startDateTime !='null' and startDateTime !=''">
						and date_format(start_time,'%Y-%m-%d') between #{startDateTime} and #{endDateTime}
					</if>
					)
		union
			select  
				t.id, t.user_name, 
				IFNULL(t.call_count_success/t.call_count,0) as success_rate,  
				t.call_time, t.call_count, t.call_count_success,
				IFNULL(cast(t.call_time/t.call_count  as decimal(9,0)),0) as call_avg_time
			from (
				select 
					a.id,a.user_name,
					IFNULL((select sum(c.call_time) from crm_user_customer_call as c where a.id=c.user_id),0) as call_time,
					(select count(*) from crm_user_customer_call as c where a.id=c.user_id) as call_count,
					(select count(*) from crm_user_customer_call as c where a.id=c.user_id and c.call_state='2') as call_count_success
				from 
					sys_user as a, sys_user_org_area as b
				where 
					a.id=b.user_id   and b.branch_org_id=#{branchOrgId}
			) as t   
			where 
				t.id not in 
					(select user_id from crm_user_customer_call where 1=1 
					<if test="startDateTime !=null and startDateTime !='null' and startDateTime !=''">
						and date_format(start_time,'%Y-%m-%d') between #{startDateTime} and #{endDateTime}
					</if>
					)
			) as temp, (select  @i:=0) as pm
		<if test="orderbyParam !=null and orderbyParam !='null' and orderbyParam !=''">
			order by ${orderbyParam}  ${sortType}
		</if>
			limit #{startRow}, #{pageSize}
	</select>
	
	
	<select id="getCallRankingByContactListCount" resultType="long"  parameterType="java.util.Map">
		select count(*) from (
			select  
				t.id, t.user_name, 
				IFNULL(t.call_count_success/t.call_count,0) as success_rate,  
				t.call_time, t.call_count, t.call_count_success,
				IFNULL(cast(t.call_time/t.call_count  as decimal(9,0)),0) as call_avg_time
			from (
				select 
					a.id,a.user_name,
					IFNULL((select sum(c.call_time) from crm_user_customer_call as c where a.id=c.user_id),0) as call_time,
					(select count(*) from crm_user_customer_call as c where a.id=c.user_id) as call_count,
					(select count(*) from crm_user_customer_call as c where a.id=c.user_id and c.call_state='2') as call_count_success
				from 
					sys_user as a, sys_user_org_area as b
				where 
					a.id=b.user_id   and b.branch_org_id=#{branchOrgId}
			) as t   
			where 
				t.id in 
					(select user_id from crm_user_customer_call where 1=1 
					<if test="startDateTime !=null and startDateTime !='null' and startDateTime !=''">
						and date_format(start_time,'%Y-%m-%d') between #{startDateTime} and #{endDateTime}
					</if>
					)
		union
			select  
				t.id, t.user_name, 
				IFNULL(t.call_count_success/t.call_count,0) as success_rate,  
				t.call_time, t.call_count, t.call_count_success,
				IFNULL(cast(t.call_time/t.call_count  as decimal(9,0)),0) as call_avg_time
			from (
				select 
					a.id,a.user_name,
					IFNULL((select sum(c.call_time) from crm_user_customer_call as c where a.id=c.user_id),0) as call_time,
					(select count(*) from crm_user_customer_call as c where a.id=c.user_id) as call_count,
					(select count(*) from crm_user_customer_call as c where a.id=c.user_id and c.call_state='2') as call_count_success
				from 
					sys_user as a, sys_user_org_area as b
				where 
					a.id=b.user_id   and b.branch_org_id=#{branchOrgId}
			) as t   
			where 
				t.id not in 
					(select user_id from crm_user_customer_call where 1=1 
					<if test="startDateTime !=null and startDateTime !='null' and startDateTime !=''">
						and date_format(start_time,'%Y-%m-%d') between #{startDateTime} and #{endDateTime}
					</if>
					)
			) as temp
	</select>
	
	
	<select id="getAddCustomerCountTopList" resultMap="defaultMap"  parameterType="java.util.Map">
		select * from (
			select 
				a.user_id,c.user_name,count(a.user_id) as add_customer_count
			from 
				sys_user_org_area as a,crm_customer_dynamic_log as b, sys_user as c 
			where 
				a.user_id=b.dynamic_user_id and a.user_id=c.id
				and a.branch_org_id=#{branchOrgId}
				and b.dynamic_type='1'
				and date_format(b.create_date,'%Y-%m-%d') between #{startDateTime} and #{endDateTime}
				group by a.user_id
		union 
			select 
				a.user_id as user_id, c.user_name, (select count(*) from sys_user as d where d.id='999999') as add_customer_count
			from 
				sys_user_org_area as a,sys_user as c 
			where 
				a.user_id=c.id 
				and a.branch_org_id=#{branchOrgId}
				and  a.user_id not in (
					select 
						a1.user_id
					from 
						sys_user_org_area as a1,crm_customer_dynamic_log as b1, sys_user as c1 
					where 
						a1.user_id=b1.dynamic_user_id and a1.user_id=c1.id
						and a1.branch_org_id=#{branchOrgId}
						and b1.dynamic_type='1'
				  		and date_format(b1.create_date,'%Y-%m-%d') between #{startDateTime} and #{endDateTime}
						group by a1.user_id
						)
			) as temp  order by add_customer_count desc
			limit #{startRow}, #{pageSize}
	</select>
	
	<select id="getAddCustomerCountTopListCount" resultType="long"  parameterType="java.util.Map">
		select count(*) from (
			select 
				a.user_id,c.user_name,count(a.user_id) as add_customer_count
			from 
				sys_user_org_area as a,crm_customer_dynamic_log as b, sys_user as c 
			where 
				a.user_id=b.dynamic_user_id and a.user_id=c.id
				and a.branch_org_id=#{branchOrgId}
				and b.dynamic_type='1'
				and date_format(b.create_date,'%Y-%m-%d') between #{startDateTime} and #{endDateTime}
				group by a.user_id
		union 
			select 
				a.user_id as user_id, c.user_name, (select count(*) from sys_user as d where d.id='999999') as add_customer_count
			from 
				sys_user_org_area as a,sys_user as c 
			where 
				a.user_id=c.id 
				and a.branch_org_id=#{branchOrgId}
				and  a.user_id not in (
					select 
						a1.user_id
					from 
						sys_user_org_area as a1,crm_customer_dynamic_log as b1, sys_user as c1 
					where 
						a1.user_id=b1.dynamic_user_id and a1.user_id=c1.id
						and a1.branch_org_id=#{branchOrgId}
						and b1.dynamic_type='1'
				  		and date_format(b1.create_date,'%Y-%m-%d') between #{startDateTime} and #{endDateTime}
						group by a1.user_id
						)
			) as temp  
	</select>
	
	
	<select id="getCallContactDetailCount" resultMap="defaultMap"  parameterType="java.util.Map">
		select
			IFNULL(t.call_count_success/t.call_count,0) as success_rate,
        	IFNULL(t.call_time,0) as call_time,
        	IFNULL(t.call_count,0) as call_count,
        	t.call_count_success,
        	IFNULL(cast(t.call_time/t.call_count as decimal(9,0)),0) as call_avg_time 
		from (
			select
				<!-- date_format(a.start_time,'%Y-%m-%d') as date, -->
				sum(a.call_time) as call_time,
				(select count(*) from crm_user_customer_call as c where a.user_id=c.user_id) as call_count,
				count(a.id) as call_count_success
			from 
				crm_user_customer_call as a 
			where 
				a.call_state='2' and date_format(a.start_time,'%Y-%m-%d') between #{startDateTime} and #{endDateTime}  
				and  a.user_id in (
					select 
						user_id 
					from 
						sys_user_org_area as b 
					where 
						b.branch_org_id=#{branchOrgId}
				)
			) as t
			<!-- 没有打电话的，暂时没有统计，需要统计的话，再union即可 -->
	</select>
	
	<select id="getCallContactCustomerCount" resultType="int"   parameterType="java.util.Map">
		select 
			count(*) 
		from (
			select
				a.customer_id
			from 
				crm_user_customer_call as a 
			where 
				a.call_state='2' and date_format(a.start_time,'%Y-%m-%d') between #{startDateTime} and #{endDateTime} 
				and  a.user_id in (
					select user_id from sys_user_org_area as b where b.branch_org_id=#{branchOrgId}
					)
				group by a.customer_id
		) as temp
	</select>
	
	
	<select id="getCustomerTagUpdateByUser" resultMap="defaultMap"  parameterType="java.util.Map">
		select 
			a.user_id,c.user_name
		from 
			sys_user_org_area as a,sys_user as c
		where 
			a.user_id=c.id and a.branch_org_id=#{branchOrgId} and a.user_id in (
			select 
				b.user_id 
			from 
				crm_customer_tag_log as b 
			where 
				1=1
				<if test="startDateTime !=null and startDateTime !='null' and startDateTime !=''">
					and date_format(b.create_date,'%Y-%m-%d') between #{startDateTime} and #{endDateTime}
				</if>
				and b.customer_tag_id in (${customerTagIds})
			)
		limit #{startRow}, #{pageSize}
	</select>
	
	<select id="getCustomerTagUpdateByCustomerTag" resultType="int"   parameterType="java.util.Map">
		select 
			count(*)
		from 
			crm_customer_tag_log as a 
		where 
			a.user_id=#{userId} and a.customer_tag_id=#{customerTagId}
			<if test="startDateTime !=null and startDateTime !='null' and startDateTime !=''">
				and date_format(a.create_date,'%Y-%m-%d') between #{startDateTime} and #{endDateTime}
			</if>
	</select>
	
	<!-- 按分校统计一段时间范围内的，所有分校用户的客户标签 -->
	<select id="getCustomerTagUpdateByCustomerTagAllCount" resultType="int"   parameterType="java.util.Map">
		select 
			count(*)
		from 
			crm_customer_tag_log as a, sys_user_org_area as b 
		where 
			a.user_id=b.user_id and b.branch_org_id=#{branchOrgId}
			and a.customer_tag_id=#{customerTagId}
			<if test="startDateTime !=null and startDateTime !='null' and startDateTime !=''">
				and date_format(a.create_date,'%Y-%m-%d') between #{startDateTime} and #{endDateTime}
			</if>
	</select>
	
	
	
</mapper>
