<?xml version="1.0" encoding="UTF-8"?>
<!DOCTYPE mapper PUBLIC "-//mybatis.org//DTD Mapper 3.0//EN" "http://mybatis.org/dtd/mybatis-3-mapper.dtd">
<mapper namespace="cn.daliedu.mapper.UserSmsRecordMapper">

    <!-- 通用查询映射结果 -->
    <resultMap id="BaseResultMap" type="cn.daliedu.entity.UserSmsRecordEntity">
        <id column="id" property="id" />
        <result column="user_id" property="userId" />
        <result column="branch_org_id" property="branchOrgId" />
        <result column="template_code" property="templateCode" />
        <result column="create_date_time" property="createDateTime" />
    </resultMap>
    
    <resultMap id="defaultMap" type="java.util.LinkedHashMap">
    </resultMap>
    
    
    <select id="getUserSmsCount" resultType="Integer"  parameterType="java.util.Map">
		select 
			count(*) 
		from 
			crm_user_sms_record 
		where 
			user_id=#{userId}  and date_format(create_date_time,'%Y-%m-%d')=#{dateTime}
	</select>

</mapper>
