<?xml version="1.0" encoding="UTF-8"?>
<!DOCTYPE mapper PUBLIC "-//mybatis.org//DTD Mapper 3.0//EN" "http://mybatis.org/dtd/mybatis-3-mapper.dtd">
<mapper namespace="cn.daliedu.mapper.UserCustomerMapper">

    <!-- 通用查询映射结果 -->
    <resultMap id="BaseResultMap" type="cn.daliedu.entity.UserCustomerEntity">
        <id column="id" property="id" />
        <result column="user_id" property="userId" />
        <result column="customer_id" property="customerId" />
        <result column="my_customer_type" property="myCustomerType" />
        <!-- <result column="customer_group_type_id" property="customerGroupTypeId" /> -->
        <result column="create_time" property="createTime" />
        <result column="create_date" property="createDate" />
        <result column="share_id" property="shareId" />
    </resultMap>
    
    <update id="moveCustomerGroupByCustomerId"  parameterType="java.util.Map">
    	update 
    		crm_user_customer 
    	set 
    		customer_group_type_id=#{customerGroupTypeId} 
    	where 
    		user_id=#{userId}   and customer_id in (${customerIds})
    </update>
    
    <update id="removeShareToMyCustomer"  parameterType="java.util.Map">
    	delete 
    		crm_user_customer
    	where 
    		user_id=#{userId}   and customer_id in (${customerIds}) and  my_customer_type='2'
    </update>
    
    
</mapper>
