<?xml version="1.0" encoding="UTF-8"?>
<!DOCTYPE mapper PUBLIC "-//mybatis.org//DTD Mapper 3.0//EN" "http://mybatis.org/dtd/mybatis-3-mapper.dtd">
<mapper namespace="cn.daliedu.mapper.UserOrgMapper">
    <!-- 通用查询映射结果 -->
    <resultMap id="BaseResultMap" type="cn.daliedu.entity.UserOrgEntity">
        <id column="id" property="id" />
        <result column="user_id" property="userId" />
        <result column="org_id" property="orgId" />
    </resultMap>

    <insert id="addUserOrgBatch" parameterType="java.util.Map">
        insert into sys_user_org(user_id,org_id)
        values
        <foreach collection="userList" item="user" separator=",">
            (#{user},#{orgId})
        </foreach>
    </insert>


</mapper>
